cluster,startdate,type,sequence,phase,month
6,2001-01-01,E,E6,6,1
6,2001-01-01,E,E6,6,1
11,2001-01-02,E,E11,7,1
6,2001-01-02,E,E6,7,1
8,2001-01-08,V,V8,13,1
11,2001-01-09,E,E11,14,1
5,2001-01-10,E,E5,15,1
5,2001-01-11,E,E5,16,1
6,2001-01-11,V,V6,16,1
7,2001-01-11,V,V7,16,1
14,2001-01-13,E,E14,18,1
2,2001-01-15,E,E2,20,1
10,2001-01-16,E,E10,21,1
10,2001-01-16,E,E10,21,1
11,2001-01-16,V,V11,21,1
14,2001-01-17,V,V14,22,1
0,2001-01-19,E,E0,24,1
11,2001-01-19,E,E11,24,1
3,2001-01-19,E,E3,24,1
13,2001-01-26,E,E13,1,1
6,2001-01-29,E,E6,4,1
5,2001-02-01,E,E5,7,2
5,2001-02-02,V,V5,8,2
9,2001-02-06,V,V9,12,2
10,2001-02-13,E,E10,19,2
14,2001-02-13,E,E14,19,2
11,2001-02-14,E,E11,20,2
11,2001-02-14,E,E11,20,2
6,2001-02-16,E,E6,22,2
5,2001-02-17,E,E5,23,2
2,2001-02-18,E,E2,24,2
11,2001-02-19,V,V11,25,2
6,2001-02-24,E,E6,0,2
6,2001-02-24,E,E6,0,2
13,2001-02-25,E,E13,1,2
7,2001-02-26,E,E7,2,2
11,2001-02-28,E,E11,4,2
11,2001-02-28,E,E11,4,2
12,2001-02-28,E,E12,4,2
14,2001-02-28,E,E14,4,2
11,2001-03-06,E,E11,10,3
9,2001-03-07,E,E9,11,3
6,2001-03-14,E,E6,18,3
10,2001-03-15,E,E10,19,3
3,2001-03-15,E,E3,19,3
6,2001-03-19,E,E6,23,3
7,2001-03-23,E,E7,27,3
7,2001-03-24,E,E7,28,3
2,2001-03-27,V,V2,1,3
6,2001-04-04,E,E6,9,4
11,2001-04-07,E,E11,12,4
3,2001-04-09,E,E3,14,4
3,2001-04-13,E,E3,18,4
10,2001-04-13,V,V10,18,4
7,2001-04-14,E,E7,19,4
11,2001-04-19,E,E11,24,4
11,2001-04-19,E,E11,24,4
11,2001-04-19,E,E11,24,4
14,2001-04-23,V,V14,28,4
1,2001-04-24,V,V1,0,4
7,2001-04-26,E,E7,2,4
11,2001-04-28,E,E11,4,4
0,2001-04-29,E,E0,5,4
2,2001-05-03,V,V2,9,5
4,2001-05-07,E,E4,13,5
11,2001-05-09,E,E11,15,5
14,2001-05-11,V,V14,17,5
10,2001-05-12,V,V10,18,5
11,2001-05-19,E,E11,25,5
0,2001-05-20,E,E0,26,5
10,2001-05-25,E,E10,1,5
7,2001-05-25,E,E7,1,5
11,2001-05-26,E,E11,2,5
6,2001-05-28,E,E6,4,5
6,2001-05-28,V,V6,4,5
11,2001-05-29,E,E11,5,5
11,2001-06-03,E,E11,10,6
11,2001-06-05,E,E11,12,6
11,2001-06-05,E,E11,12,6
11,2001-06-08,V,V11,15,6
2,2001-06-11,V,V2,18,6
5,2001-06-14,E,E5,21,6
11,2001-06-14,V,V11,21,6
1,2001-06-15,E,E1,22,6
13,2001-06-15,E,E13,22,6
11,2001-06-16,E,E11,23,6
3,2001-06-19,E,E3,26,6
3,2001-06-23,E,E3,1,6
3,2001-06-23,E,E3,1,6
7,2001-06-24,E,E7,2,6
3,2001-06-26,E,E3,4,6
4,2001-06-26,E,E4,4,6
3,2001-06-29,E,E3,7,6
11,2001-07-01,E,E11,9,7
1,2001-07-03,E,E1,11,7
11,2001-07-04,E,E11,12,7
3,2001-07-04,E,E3,12,7
3,2001-07-05,E,E3,13,7
3,2001-07-07,E,E3,15,7
11,2001-07-08,E,E11,16,7
9,2001-07-17,V,V9,25,7
10,2001-07-21,V,V10,0,7
6,2001-07-22,E,E6,1,7
7,2001-07-23,V,V7,2,7
3,2001-07-24,E,E3,3,7
9,2001-07-26,E,E9,5,7
5,2001-07-28,E,E5,7,7
7,2001-08-02,E,E7,12,8
4,2001-08-06,E,E4,16,8
7,2001-08-13,E,E7,23,8
11,2001-08-21,E,E11,1,8
11,2001-08-23,E,E11,3,8
14,2001-08-25,E,E14,5,8
6,2001-08-27,E,E6,7,8
11,2001-08-28,V,V11,8,8
3,2001-09-01,V,V3,12,9
10,2001-09-02,E,E10,13,9
4,2001-09-02,E,E4,13,9
6,2001-09-11,E,E6,22,9
11,2001-09-12,E,E11,23,9
5,2001-09-14,E,E5,25,9
11,2001-09-15,E,E11,26,9
6,2001-09-18,E,E6,0,9
1,2001-09-21,V,V1,3,9
10,2001-09-25,V,V10,7,9
11,2001-09-27,V,V11,9,9
11,2001-09-29,E,E11,11,9
11,2001-09-30,E,E11,12,9
3,2001-10-01,V,V3,13,10
11,2001-10-02,E,E11,14,10
7,2001-10-05,V,V7,17,10
6,2001-10-07,E,E6,19,10
7,2001-10-08,E,E7,20,10
7,2001-10-08,E,E7,20,10
1,2001-10-12,E,E1,24,10
5,2001-10-12,E,E5,24,10
6,2001-10-13,E,E6,25,10
14,2001-10-17,E,E14,0,10
6,2001-10-19,E,E6,2,10
11,2001-10-21,E,E11,4,10
11,2001-10-26,E,E11,9,10
11,2001-10-31,E,E11,14,10
14,2001-10-31,V,V14,14,10
11,2001-11-05,E,E11,19,11
14,2001-11-09,E,E14,23,11
0,2001-11-13,E,E0,27,11
7,2001-11-13,E,E7,27,11
7,2001-11-13,E,E7,27,11
13,2001-11-14,E,E13,28,11
9,2001-11-15,E,E9,29,11
7,2001-11-15,V,V7,29,11
6,2001-11-20,E,E6,4,11
11,2001-11-22,E,E11,6,11
11,2001-11-22,E,E11,6,11
13,2001-11-23,E,E13,7,11
3,2001-11-24,V,V3,8,11
14,2001-11-26,V,V14,10,11
11,2001-11-27,E,E11,11,11
0,2001-11-28,E,E0,12,11
9,2001-12-01,V,V9,15,12
11,2001-12-02,E,E11,16,12
7,2001-12-02,E,E7,16,12
11,2001-12-03,E,E11,17,12
14,2001-12-04,V,V14,18,12
8,2001-12-08,E,E8,22,12
6,2001-12-09,E,E6,23,12
7,2001-12-10,V,V7,24,12
11,2001-12-12,E,E11,26,12
6,2001-12-12,E,E6,26,12
8,2001-12-18,E,E8,3,12
11,2001-12-22,E,E11,7,12
11,2001-12-23,E,E11,8,12
11,2001-12-27,E,E11,12,12
14,2001-12-28,E,E14,13,12
4,2002-01-01,E,E4,17,1
6,2002-01-01,E,E6,17,1
11,2002-01-02,E,E11,18,1
11,2002-01-02,E,E11,18,1
11,2002-01-03,E,E11,19,1
13,2002-01-03,E,E13,19,1
14,2002-01-04,V,V14,20,1
2,2002-01-05,V,V2,21,1
6,2002-01-10,E,E6,26,1
11,2002-01-13,E,E11,29,1
11,2002-01-13,V,V11,29,1
10,2002-01-15,E,E10,1,1
11,2002-01-15,E,E11,1,1
11,2002-01-15,E,E11,1,1
0,2002-01-16,E,E0,2,1
14,2002-01-16,V,V14,2,1
9,2002-01-17,V,V9,3,1
9,2002-01-22,E,E9,8,1
7,2002-01-25,V,V7,11,1
11,2002-01-28,E,E11,14,1
7,2002-01-28,E,E7,14,1
11,2002-01-30,E,E11,16,1
9,2002-02-03,E,E9,20,2
9,2002-02-03,E,E9,20,2
11,2002-02-05,E,E11,22,2
6,2002-02-09,V,V6,26,2
4,2002-02-15,E,E4,2,2
11,2002-02-19,E,E11,6,2
11,2002-02-28,E,E11,15,2
11,2002-03-01,V,V11,16,3
13,2002-03-03,E,E13,18,3
13,2002-03-03,E,E13,18,3
6,2002-03-05,E,E6,20,3
6,2002-03-08,E,E6,23,3
3,2002-03-09,E,E3,24,3
2,2002-03-17,E,E2,2,3
6,2002-03-19,E,E6,4,3
13,2002-03-25,E,E13,10,3
8,2002-03-26,E,E8,11,3
3,2002-03-28,E,E3,13,3
8,2002-03-31,E,E8,16,3
11,2002-04-01,V,V11,17,4
14,2002-04-01,V,V14,17,4
11,2002-04-07,E,E11,23,4
11,2002-04-08,E,E11,24,4
7,2002-04-09,V,V7,25,4
11,2002-04-11,E,E11,27,4
0,2002-04-18,E,E0,5,4
3,2002-04-18,E,E3,5,4
11,2002-04-20,E,E11,7,4
4,2002-04-24,E,E4,11,4
1,2002-04-26,E,E1,13,4
11,2002-05-08,E,E11,25,5
8,2002-05-11,V,V8,28,5
2,2002-05-14,E,E2,1,5
8,2002-05-15,E,E8,2,5
9,2002-05-17,V,V9,4,5
3,2002-05-23,E,E3,10,5
11,2002-05-24,V,V11,11,5
5,2002-05-25,E,E5,12,5
11,2002-05-25,V,V11,12,5
3,2002-05-28,E,E3,15,5
8,2002-05-28,E,E8,15,5
14,2002-05-29,V,V14,16,5
14,2002-05-30,V,V14,17,5
6,2002-06-01,V,V6,19,6
11,2002-06-06,E,E11,24,6
14,2002-06-07,V,V14,25,6
1,2002-06-10,E,E1,28,6
2,2002-06-13,E,E2,2,6
14,2002-06-16,E,E14,5,6
11,2002-06-17,E,E11,6,6
4,2002-06-17,E,E4,6,6
3,2002-06-18,E,E3,7,6
11,2002-06-21,E,E11,10,6
13,2002-06-22,E,E13,11,6
10,2002-06-27,E,E10,16,6
11,2002-06-27,E,E11,16,6
7,2002-06-28,E,E7,17,6
11,2002-06-29,E,E11,18,6
11,2002-06-30,E,E11,19,6
3,2002-07-01,V,V3,20,7
5,2002-07-01,V,V5,20,7
11,2002-07-03,E,E11,22,7
4,2002-07-19,E,E4,8,7
9,2002-07-25,V,V9,14,7
3,2002-07-30,E,E3,19,7
14,2002-07-31,E,E14,20,7
5,2002-08-01,V,V5,21,8
7,2002-08-02,E,E7,22,8
11,2002-08-03,V,V11,23,8
3,2002-08-04,E,E3,24,8
14,2002-08-07,E,E14,27,8
11,2002-08-09,E,E11,0,8
11,2002-08-12,E,E11,3,8
7,2002-08-12,V,V7,3,8
1,2002-08-14,E,E1,5,8
1,2002-08-14,E,E1,5,8
6,2002-08-15,E,E6,6,8
11,2002-08-19,E,E11,10,8
11,2002-08-19,E,E11,10,8
11,2002-08-19,E,E11,10,8
7,2002-08-20,E,E7,11,8
11,2002-08-22,V,V11,13,8
7,2002-08-24,E,E7,15,8
13,2002-09-01,E,E13,23,9
9,2002-09-06,E,E9,28,9
11,2002-09-07,E,E11,29,9
11,2002-09-08,E,E11,0,9
6,2002-09-08,E,E6,0,9
10,2002-09-13,E,E10,5,9
7,2002-09-15,E,E7,7,9
6,2002-09-16,E,E6,8,9
6,2002-09-17,E,E6,9,9
6,2002-09-20,E,E6,12,9
6,2002-09-20,E,E6,12,9
11,2002-09-24,E,E11,16,9
11,2002-09-24,E,E11,16,9
11,2002-09-24,E,E11,16,9
3,2002-09-24,E,E3,16,9
5,2002-09-24,V,V5,16,9
6,2002-09-25,V,V6,17,9
0,2002-10-03,E,E0,25,10
6,2002-10-03,E,E6,25,10
11,2002-10-04,E,E11,26,10
6,2002-10-06,E,E6,28,10
11,2002-10-06,V,V11,28,10
2,2002-10-08,E,E2,1,10
6,2002-10-10,E,E6,3,10
6,2002-10-10,E,E6,3,10
6,2002-10-10,E,E6,3,10
6,2002-10-10,E,E6,3,10
14,2002-10-11,V,V14,4,10
8,2002-10-11,V,V8,4,10
14,2002-10-12,E,E14,5,10
8,2002-10-12,E,E8,5,10
6,2002-10-12,V,V6,5,10
11,2002-10-13,E,E11,6,10
3,2002-10-13,V,V3,6,10
7,2002-10-14,E,E7,7,10
11,2002-10-16,E,E11,9,10
7,2002-10-16,E,E7,9,10
11,2002-10-17,E,E11,10,10
6,2002-10-17,E,E6,10,10
14,2002-10-17,V,V14,10,10
4,2002-10-18,E,E4,11,10
6,2002-10-19,E,E6,12,10
7,2002-10-19,E,E7,12,10
11,2002-10-22,E,E11,15,10
5,2002-10-23,E,E5,16,10
9,2002-10-24,E,E9,17,10
3,2002-10-26,V,V3,19,10
9,2002-10-26,V,V9,19,10
11,2002-10-31,E,E11,24,10
11,2002-10-31,V,V11,24,10
11,2002-11-01,V,V11,25,11
10,2002-11-02,E,E10,26,11
10,2002-11-02,E,E10,26,11
5,2002-11-03,E,E5,27,11
7,2002-11-03,E,E7,27,11
14,2002-11-03,V,V14,27,11
5,2002-11-07,E,E5,2,11
14,2002-11-09,E,E14,4,11
10,2002-11-11,V,V10,6,11
3,2002-11-12,E,E3,7,11
3,2002-11-15,E,E3,10,11
2,2002-11-16,V,V2,11,11
7,2002-11-17,E,E7,12,11
13,2002-11-20,E,E13,15,11
7,2002-11-24,V,V7,19,11
5,2002-11-26,E,E5,21,11
6,2002-11-28,V,V6,23,11
11,2002-12-10,E,E11,5,12
4,2002-12-10,E,E4,5,12
6,2002-12-11,E,E6,6,12
11,2002-12-12,E,E11,7,12
3,2002-12-17,E,E3,12,12
3,2002-12-18,E,E3,13,12
11,2002-12-20,E,E11,15,12
14,2002-12-23,E,E14,18,12
6,2002-12-23,V,V6,18,12
7,2002-12-25,V,V7,20,12
6,2002-12-30,E,E6,25,12
1,2003-01-01,V,V1,27,1
11,2003-01-04,E,E11,1,1
8,2003-01-06,E,E8,3,1
11,2003-01-09,E,E11,6,1
11,2003-01-10,E,E11,7,1
5,2003-01-16,E,E5,13,1
11,2003-01-20,E,E11,17,1
14,2003-01-21,E,E14,18,1
0,2003-01-22,E,E0,19,1
2,2003-01-27,E,E2,24,1
9,2003-01-27,E,E9,24,1
8,2003-02-01,V,V8,29,2
7,2003-02-06,V,V7,4,2
11,2003-02-10,E,E11,8,2
11,2003-02-12,E,E11,10,2
6,2003-02-15,E,E6,13,2
5,2003-02-19,E,E5,17,2
13,2003-02-24,E,E13,22,2
6,2003-03-01,E,E6,27,3
3,2003-03-02,E,E3,28,3
6,2003-03-07,V,V6,3,3
9,2003-03-08,V,V9,4,3
6,2003-03-09,E,E6,5,3
6,2003-03-10,E,E6,6,3
11,2003-03-11,E,E11,7,3
0,2003-03-12,E,E0,8,3
11,2003-03-14,E,E11,10,3
6,2003-03-14,E,E6,10,3
7,2003-03-15,E,E7,11,3
5,2003-03-17,E,E5,13,3
5,2003-03-17,E,E5,13,3
8,2003-03-17,V,V8,13,3
11,2003-03-19,E,E11,15,3
6,2003-03-25,E,E6,21,3
11,2003-03-28,E,E11,24,3
6,2003-03-30,E,E6,26,3
11,2003-03-31,E,E11,27,3
11,2003-04-01,V,V11,28,4
9,2003-04-02,E,E9,0,4
3,2003-04-09,V,V3,7,4
11,2003-04-10,V,V11,8,4
14,2003-04-11,E,E14,9,4
11,2003-04-14,V,V11,12,4
13,2003-04-17,E,E13,15,4
2,2003-04-17,E,E2,15,4
7,2003-04-17,V,V7,15,4
7,2003-04-24,E,E7,22,4
11,2003-04-27,E,E11,25,4
14,2003-04-27,E,E14,25,4
7,2003-04-29,E,E7,27,4
13,2003-05-01,E,E13,29,5
11,2003-05-03,E,E11,1,5
11,2003-05-04,E,E11,2,5
11,2003-05-04,E,E11,2,5
11,2003-05-04,E,E11,2,5
6,2003-05-05,E,E6,3,5
6,2003-05-05,E,E6,3,5
3,2003-05-06,V,V3,4,5
2,2003-05-09,E,E2,7,5
1,2003-05-10,V,V1,8,5
6,2003-05-11,E,E6,9,5
11,2003-05-13,E,E11,11,5
10,2003-05-14,E,E10,12,5
14,2003-05-14,E,E14,12,5
11,2003-05-17,V,V11,15,5
0,2003-05-19,E,E0,17,5
11,2003-05-19,E,E11,17,5
9,2003-05-21,E,E9,19,5
3,2003-05-23,V,V3,21,5
6,2003-05-26,E,E6,24,5
6,2003-05-26,E,E6,24,5
7,2003-05-26,E,E7,24,5
2,2003-05-28,E,E2,26,5
2,2003-05-30,V,V2,28,5
6,2003-05-30,V,V6,28,5
0,2003-05-31,V,V0,29,5
3,2003-06-03,E,E3,2,6
11,2003-06-07,E,E11,6,6
11,2003-06-08,V,V11,7,6
2,2003-06-09,V,V2,8,6
8,2003-06-10,E,E8,9,6
11,2003-06-12,E,E11,11,6
5,2003-06-15,E,E5,14,6
7,2003-06-16,E,E7,15,6
14,2003-06-17,V,V14,16,6
14,2003-06-20,E,E14,19,6
3,2003-06-20,E,E3,19,6
5,2003-06-23,E,E5,22,6
6,2003-06-26,E,E6,25,6
6,2003-06-26,V,V6,25,6
11,2003-06-28,E,E11,27,6
6,2003-07-01,E,E6,1,7
6,2003-07-01,E,E6,1,7
10,2003-07-01,V,V10,1,7
11,2003-07-03,E,E11,3,7
11,2003-07-04,E,E11,4,7
8,2003-07-10,V,V8,10,7
5,2003-07-12,E,E5,12,7
11,2003-07-15,E,E11,15,7
2,2003-07-15,E,E2,15,7
0,2003-07-17,E,E0,17,7
11,2003-07-21,E,E11,21,7
8,2003-07-21,E,E8,21,7
11,2003-07-22,E,E11,22,7
11,2003-07-25,E,E11,25,7
7,2003-07-25,E,E7,25,7
7,2003-07-26,V,V7,26,7
11,2003-07-27,E,E11,27,7
3,2003-07-27,E,E3,27,7
7,2003-07-27,E,E7,27,7
3,2003-07-30,V,V3,0,7
6,2003-07-31,V,V6,1,7
3,2003-08-04,E,E3,5,8
10,2003-08-11,E,E10,12,8
11,2003-08-11,E,E11,12,8
6,2003-08-11,E,E6,12,8
9,2003-08-14,E,E9,15,8
11,2003-08-21,E,E11,22,8
11,2003-08-21,E,E11,22,8
14,2003-08-25,E,E14,26,8
4,2003-08-28,E,E4,0,8
6,2003-08-28,E,E6,0,8
3,2003-08-29,V,V3,1,8
11,2003-08-30,E,E11,2,8
7,2003-08-31,E,E7,3,8
11,2003-09-02,E,E11,5,9
4,2003-09-06,E,E4,9,9
11,2003-09-07,E,E11,10,9
11,2003-09-11,E,E11,14,9
11,2003-09-12,E,E11,15,9
6,2003-09-12,V,V6,15,9
10,2003-09-21,E,E10,24,9
9,2003-09-21,E,E9,24,9
14,2003-09-22,E,E14,25,9
14,2003-09-22,V,V14,25,9
7,2003-09-25,E,E7,28,9
7,2003-09-25,E,E7,28,9
7,2003-09-26,E,E7,29,9
13,2003-09-27,E,E13,0,9
13,2003-09-27,E,E13,0,9
7,2003-09-29,E,E7,2,9
11,2003-09-30,E,E11,3,9
11,2003-09-30,E,E11,3,9
3,2003-09-30,E,E3,3,9
13,2003-10-01,E,E13,4,10
11,2003-10-07,E,E11,10,10
7,2003-10-08,E,E7,11,10
8,2003-10-09,E,E8,12,10
11,2003-10-13,E,E11,16,10
11,2003-10-15,E,E11,18,10
11,2003-10-17,E,E11,20,10
6,2003-10-18,E,E6,21,10
11,2003-10-22,E,E11,25,10
11,2003-10-26,V,V11,0,10
11,2003-10-28,E,E11,2,10
7,2003-10-31,E,E7,5,10
11,2003-11-02,E,E11,7,11
14,2003-11-05,E,E14,10,11
11,2003-11-06,E,E11,11,11
9,2003-11-09,E,E9,14,11
1,2003-11-11,E,E1,16,11
11,2003-11-11,E,E11,16,11
11,2003-11-11,E,E11,16,11
6,2003-11-12,E,E6,17,11
7,2003-11-12,E,E7,17,11
11,2003-11-13,E,E11,18,11
11,2003-11-14,E,E11,19,11
5,2003-11-17,E,E5,22,11
6,2003-11-18,E,E6,23,11
11,2003-11-25,E,E11,1,11
13,2003-12-01,E,E13,7,12
7,2003-12-05,E,E7,11,12
5,2003-12-09,E,E5,15,12
8,2003-12-10,E,E8,16,12
9,2003-12-21,E,E9,27,12
0,2003-12-22,E,E0,28,12
11,2003-12-25,E,E11,1,12
11,2003-12-25,E,E11,1,12
11,2003-12-25,E,E11,1,12
14,2003-12-25,E,E14,1,12
11,2003-12-26,E,E11,2,12
13,2003-12-26,E,E13,2,12
11,2003-12-27,E,E11,3,12
11,2003-12-27,E,E11,3,12
11,2003-12-27,E,E11,3,12
11,2003-12-27,E,E11,3,12
7,2003-12-29,E,E7,5,12
0,2004-01-01,E,E0,8,1
11,2004-01-03,E,E11,10,1
11,2004-01-03,E,E11,10,1
11,2004-01-03,E,E11,10,1
11,2004-01-03,E,E11,10,1
11,2004-01-03,E,E11,10,1
11,2004-01-09,E,E11,16,1
11,2004-01-11,E,E11,18,1
2,2004-01-11,E,E2,18,1
7,2004-01-14,V,V7,21,1
8,2004-01-14,V,V8,21,1
11,2004-01-15,E,E11,22,1
14,2004-01-16,E,E14,23,1
11,2004-01-20,V,V11,27,1
11,2004-01-25,E,E11,3,1
6,2004-01-28,E,E6,6,1
4,2004-01-29,E,E4,7,1
6,2004-01-29,V,V6,7,1
14,2004-02-04,E,E14,13,2
6,2004-02-05,E,E6,14,2
6,2004-02-07,E,E6,16,2
6,2004-02-08,E,E6,17,2
9,2004-02-12,V,V9,21,2
11,2004-02-16,V,V11,25,2
5,2004-02-16,V,V5,25,2
5,2004-02-17,V,V5,26,2
11,2004-02-20,E,E11,29,2
3,2004-02-21,E,E3,0,2
10,2004-02-22,E,E10,1,2
11,2004-02-23,E,E11,2,2
9,2004-02-24,E,E9,3,2
7,2004-02-25,V,V7,4,2
11,2004-02-26,E,E11,5,2
2,2004-02-26,E,E2,5,2
14,2004-03-02,E,E14,10,3
14,2004-03-03,V,V14,11,3
8,2004-03-05,V,V8,13,3
11,2004-03-07,E,E11,15,3
14,2004-03-08,E,E14,16,3
11,2004-03-09,E,E11,17,3
11,2004-03-12,E,E11,20,3
11,2004-03-14,E,E11,22,3
11,2004-03-15,V,V11,23,3
3,2004-03-17,E,E3,25,3
9,2004-03-17,E,E9,25,3
11,2004-03-18,E,E11,26,3
11,2004-03-19,V,V11,27,3
13,2004-03-27,E,E13,6,3
14,2004-03-31,V,V14,10,3
6,2004-04-02,V,V6,12,4
7,2004-04-03,E,E7,13,4
11,2004-04-05,E,E11,15,4
13,2004-04-05,E,E13,15,4
4,2004-04-08,E,E4,18,4
11,2004-04-09,E,E11,19,4
6,2004-04-11,E,E6,21,4
7,2004-04-11,E,E7,21,4
1,2004-04-12,V,V1,22,4
11,2004-04-12,V,V11,22,4
11,2004-04-14,E,E11,24,4
7,2004-04-14,E,E7,24,4
9,2004-04-14,E,E9,24,4
11,2004-04-15,E,E11,25,4
10,2004-04-16,E,E10,26,4
11,2004-04-16,E,E11,26,4
11,2004-04-22,E,E11,2,4
11,2004-04-22,E,E11,2,4
6,2004-04-23,E,E6,3,4
11,2004-04-24,E,E11,4,4
11,2004-04-27,E,E11,7,4
14,2004-04-29,E,E14,9,4
6,2004-05-01,V,V6,11,5
2,2004-05-02,V,V2,12,5
3,2004-05-03,E,E3,13,5
11,2004-05-07,E,E11,17,5
9,2004-05-08,V,V9,18,5
10,2004-05-11,E,E10,21,5
11,2004-05-13,E,E11,23,5
8,2004-05-19,E,E8,29,5
0,2004-05-26,V,V0,6,5
13,2004-05-28,E,E13,8,5
7,2004-05-29,E,E7,9,5
11,2004-06-02,E,E11,13,6
6,2004-06-02,V,V6,13,6
8,2004-06-03,V,V8,14,6
10,2004-06-08,V,V10,19,6
11,2004-06-09,E,E11,20,6
7,2004-06-10,E,E7,21,6
3,2004-06-15,E,E3,26,6
10,2004-06-22,V,V10,4,6
2,2004-06-24,V,V2,6,6
6,2004-06-25,E,E6,7,6
5,2004-06-28,E,E5,10,6
14,2004-06-29,E,E14,11,6
6,2004-06-30,E,E6,12,6
11,2004-07-01,E,E11,13,7
6,2004-07-03,V,V6,15,7
5,2004-07-04,V,V5,16,7
4,2004-07-08,E,E4,20,7
7,2004-07-08,E,E7,20,7
13,2004-07-11,E,E13,23,7
4,2004-07-11,E,E4,23,7
11,2004-07-15,E,E11,27,7
11,2004-07-16,E,E11,28,7
14,2004-07-16,V,V14,28,7
5,2004-07-19,E,E5,1,7
14,2004-07-19,V,V14,1,7
7,2004-07-20,V,V7,2,7
8,2004-07-22,E,E8,4,7
10,2004-07-25,E,E10,7,7
6,2004-07-28,E,E6,10,7
3,2004-07-29,V,V3,11,7
4,2004-08-01,E,E4,14,8
10,2004-08-05,V,V10,18,8
3,2004-08-05,V,V3,18,8
5,2004-08-07,E,E5,20,8
13,2004-08-10,E,E13,23,8
3,2004-08-28,E,E3,11,8
11,2004-09-01,V,V11,15,9
7,2004-09-01,V,V7,15,9
11,2004-09-03,E,E11,17,9
7,2004-09-05,E,E7,19,9
7,2004-09-05,E,E7,19,9
3,2004-09-06,E,E3,20,9
7,2004-09-06,E,E7,20,9
3,2004-09-07,E,E3,21,9
9,2004-09-07,V,V9,21,9
7,2004-09-08,E,E7,22,9
14,2004-09-09,E,E14,23,9
3,2004-09-11,E,E3,25,9
7,2004-09-13,E,E7,27,9
8,2004-09-15,E,E8,0,9
7,2004-09-15,V,V7,0,9
5,2004-09-19,E,E5,4,9
2,2004-09-28,E,E2,13,9
12,2004-10-01,V,V12,16,10
6,2004-10-01,V,V6,16,10
1,2004-10-04,E,E1,19,10
6,2004-10-06,E,E6,21,10
11,2004-10-08,E,E11,23,10
8,2004-10-08,E,E8,23,10
14,2004-10-09,E,E14,24,10
8,2004-10-15,E,E8,0,10
6,2004-10-18,V,V6,3,10
11,2004-10-20,E,E11,5,10
7,2004-10-23,E,E7,8,10
7,2004-10-23,E,E7,8,10
7,2004-10-23,E,E7,8,10
8,2004-10-23,V,V8,8,10
11,2004-10-24,V,V11,9,10
3,2004-10-26,E,E3,11,10
3,2004-10-26,E,E3,11,10
7,2004-10-27,E,E7,12,10
9,2004-11-01,V,V9,17,11
5,2004-11-02,E,E5,18,11
1,2004-11-03,E,E1,19,11
11,2004-11-05,E,E11,21,11
14,2004-11-05,V,V14,21,11
7,2004-11-07,E,E7,23,11
14,2004-11-07,V,V14,23,11
8,2004-11-08,E,E8,24,11
11,2004-11-09,E,E11,25,11
11,2004-11-11,E,E11,27,11
6,2004-11-11,E,E6,27,11
6,2004-11-11,E,E6,27,11
7,2004-11-11,E,E7,27,11
3,2004-11-12,E,E3,28,11
14,2004-11-15,E,E14,2,11
11,2004-11-16,E,E11,3,11
11,2004-11-17,E,E11,4,11
14,2004-11-20,E,E14,7,11
14,2004-11-20,E,E14,7,11
11,2004-11-21,E,E11,8,11
14,2004-11-21,E,E14,8,11
11,2004-11-22,E,E11,9,11
11,2004-11-24,V,V11,11,11
6,2004-11-26,E,E6,13,11
4,2004-11-28,E,E4,15,11
6,2004-11-28,E,E6,15,11
7,2004-11-28,E,E7,15,11
7,2004-11-30,V,V7,17,11
14,2004-12-03,V,V14,20,12
11,2004-12-06,E,E11,23,12
7,2004-12-06,E,E7,23,12
14,2004-12-13,E,E14,0,12
14,2004-12-14,E,E14,1,12
7,2004-12-18,E,E7,5,12
4,2004-12-22,E,E4,9,12
11,2004-12-23,E,E11,10,12
10,2004-12-26,E,E10,13,12
10,2004-12-26,E,E10,13,12
10,2004-12-26,E,E10,13,12
10,2004-12-26,E,E10,13,12
10,2004-12-26,E,E10,13,12
10,2004-12-26,E,E10,13,12
10,2004-12-26,E,E10,13,12
10,2004-12-26,E,E10,13,12
10,2004-12-26,E,E10,13,12
10,2004-12-26,E,E10,13,12
10,2004-12-26,E,E10,13,12
10,2004-12-27,E,E10,14,12
10,2004-12-29,E,E10,16,12
10,2004-12-29,E,E10,16,12
10,2004-12-31,E,E10,18,12
10,2004-12-31,E,E10,18,12
10,2005-01-01,E,E10,19,1
10,2005-01-01,E,E10,19,1
10,2005-01-02,E,E10,20,1
11,2005-01-03,E,E11,21,1
10,2005-01-04,E,E10,22,1
5,2005-01-04,V,V5,22,1
3,2005-01-08,E,E3,26,1
10,2005-01-09,E,E10,27,1
0,2005-01-09,V,V0,27,1
9,2005-01-12,E,E9,1,1
11,2005-01-14,E,E11,3,1
10,2005-01-15,E,E10,4,1
1,2005-01-16,E,E1,5,1
11,2005-01-16,E,E11,5,1
1,2005-01-17,E,E1,6,1
7,2005-01-18,E,E7,7,1
7,2005-01-19,E,E7,8,1
7,2005-01-20,V,V7,9,1
14,2005-01-21,E,E14,10,1
11,2005-01-22,E,E11,11,1
6,2005-01-23,E,E6,12,1
10,2005-01-24,E,E10,13,1
14,2005-01-24,E,E14,13,1
11,2005-01-25,V,V11,14,1
6,2005-01-25,V,V6,14,1
10,2005-01-26,E,E10,15,1
14,2005-01-28,E,E14,17,1
14,2005-01-28,E,E14,17,1
7,2005-01-29,V,V7,18,1
11,2005-01-30,V,V11,19,1
1,2005-02-02,E,E1,22,2
1,2005-02-05,E,E1,25,2
10,2005-02-05,E,E10,25,2
6,2005-02-05,E,E6,25,2
6,2005-02-06,V,V6,26,2
11,2005-02-07,E,E11,27,2
11,2005-02-08,E,E11,28,2
1,2005-02-09,E,E1,0,2
10,2005-02-09,E,E10,0,2
11,2005-02-10,E,E11,1,2
13,2005-02-14,E,E13,5,2
6,2005-02-15,E,E6,6,2
3,2005-02-16,E,E3,7,2
2,2005-02-17,V,V2,8,2
6,2005-02-19,E,E6,10,2
13,2005-02-22,E,E13,13,2
11,2005-02-23,E,E11,14,2
5,2005-02-23,V,V5,14,2
10,2005-02-26,E,E10,17,2
6,2005-03-02,E,E6,21,3
11,2005-03-02,V,V11,21,3
14,2005-03-04,V,V14,23,3
11,2005-03-06,E,E11,25,3
5,2005-03-06,E,E5,25,3
7,2005-03-12,V,V7,1,3
13,2005-03-13,E,E13,2,3
5,2005-03-13,V,V5,2,3
14,2005-03-17,E,E14,6,3
11,2005-03-19,E,E11,8,3
11,2005-03-19,E,E11,8,3
8,2005-03-20,E,E8,9,3
3,2005-03-21,E,E3,10,3
3,2005-03-21,E,E3,10,3
6,2005-03-26,E,E6,15,3
11,2005-03-27,V,V11,16,3
10,2005-03-28,E,E10,17,3
10,2005-03-28,E,E10,17,3
10,2005-03-30,E,E10,19,3
11,2005-03-30,E,E11,19,3
11,2005-03-31,E,E11,20,3
5,2005-04-02,E,E5,22,4
10,2005-04-03,E,E10,23,4
10,2005-04-03,E,E10,23,4
13,2005-04-07,E,E13,27,4
10,2005-04-08,E,E10,28,4
11,2005-04-08,E,E11,28,4
10,2005-04-10,E,E10,1,4
10,2005-04-10,E,E10,1,4
10,2005-04-10,E,E10,1,4
10,2005-04-11,E,E10,2,4
11,2005-04-11,E,E11,2,4
11,2005-04-11,E,E11,2,4
14,2005-04-11,E,E14,2,4
10,2005-04-12,V,V10,3,4
7,2005-04-12,V,V7,3,4
8,2005-04-14,V,V8,5,4
14,2005-04-15,V,V14,6,4
10,2005-04-16,E,E10,7,4
2,2005-04-16,V,V2,7,4
11,2005-04-19,V,V11,10,4
6,2005-04-19,V,V6,10,4
10,2005-04-28,E,E10,19,4
3,2005-05-04,V,V3,25,5
14,2005-05-05,E,E14,26,5
10,2005-05-10,E,E10,1,5
4,2005-05-12,E,E4,3,5
14,2005-05-13,V,V14,4,5
10,2005-05-14,E,E10,5,5
11,2005-05-16,E,E11,7,5
10,2005-05-18,E,E10,9,5
11,2005-05-18,E,E11,9,5
3,2005-05-18,E,E3,9,5
10,2005-05-19,E,E10,10,5
11,2005-05-20,E,E11,11,5
14,2005-05-21,E,E14,12,5
10,2005-05-26,V,V10,17,5
3,2005-06-02,E,E3,24,6
11,2005-06-04,E,E11,26,6
10,2005-06-08,E,E10,1,6
3,2005-06-12,E,E3,5,6
3,2005-06-13,E,E3,6,6
5,2005-06-14,E,E5,7,6
0,2005-06-15,E,E0,8,6
11,2005-06-15,E,E11,8,6
3,2005-06-15,E,E3,8,6
14,2005-06-16,V,V14,9,6
0,2005-06-17,E,E0,10,6
0,2005-06-27,E,E0,20,6
14,2005-07-02,E,E14,25,7
1,2005-07-02,V,V1,25,7
2,2005-07-04,E,E2,27,7
10,2005-07-05,E,E10,28,7
4,2005-07-10,E,E4,3,7
11,2005-07-11,E,E11,4,7
2,2005-07-12,V,V2,5,7
11,2005-07-23,E,E11,16,7
10,2005-07-24,E,E10,17,7
14,2005-07-28,V,V14,21,7
11,2005-07-30,E,E11,23,7
0,2005-08-01,V,V0,25,8
14,2005-08-03,E,E14,27,8
11,2005-08-06,E,E11,0,8
11,2005-08-07,E,E11,1,8
2,2005-08-07,E,E2,1,8
11,2005-08-09,E,E11,3,8
11,2005-08-09,E,E11,3,8
11,2005-08-11,E,E11,5,8
1,2005-08-13,E,E1,7,8
7,2005-08-16,E,E7,10,8
8,2005-08-17,V,V8,11,8
7,2005-08-24,E,E7,18,8
13,2005-08-26,E,E13,20,8
14,2005-08-27,E,E14,21,8
7,2005-08-30,E,E7,24,8
6,2005-09-04,E,E6,0,9
4,2005-09-05,E,E4,1,9
5,2005-09-07,V,V5,3,9
11,2005-09-09,E,E11,5,9
7,2005-09-21,E,E7,17,9
11,2005-09-25,E,E11,21,9
14,2005-09-26,E,E14,22,9
13,2005-09-26,V,V13,22,9
11,2005-09-29,E,E11,25,9
11,2005-09-29,E,E11,25,9
3,2005-10-02,V,V3,28,10
2,2005-10-04,V,V2,0,10
13,2005-10-08,E,E13,4,10
13,2005-10-08,E,E13,4,10
7,2005-10-15,E,E7,11,10
8,2005-10-15,E,E8,11,10
11,2005-10-16,V,V11,12,10
7,2005-10-19,E,E7,15,10
14,2005-10-22,V,V14,18,10
11,2005-10-27,V,V11,23,10
2,2005-10-29,E,E2,25,10
11,2005-11-05,E,E11,2,11
14,2005-11-13,V,V14,10,11
7,2005-11-14,E,E7,11,11
3,2005-11-17,E,E3,14,11
10,2005-11-19,E,E10,16,11
5,2005-11-20,E,E5,17,11
8,2005-11-21,E,E8,18,11
11,2005-11-22,E,E11,19,11
14,2005-11-24,V,V14,21,11
2,2005-11-24,V,V2,21,11
11,2005-11-27,V,V11,24,11
1,2005-11-28,E,E1,25,11
7,2005-11-29,V,V7,26,11
6,2005-11-30,E,E6,27,11
7,2005-12-02,E,E7,0,12
2,2005-12-05,E,E2,3,12
11,2005-12-07,E,E11,5,12
11,2005-12-08,E,E11,6,12
5,2005-12-09,V,V5,7,12
11,2005-12-11,E,E11,9,12
13,2005-12-12,E,E13,10,12
11,2005-12-13,E,E11,11,12
7,2005-12-16,E,E7,14,12
9,2005-12-16,V,V9,14,12
1,2005-12-20,E,E1,18,12
14,2005-12-21,E,E14,19,12
6,2005-12-21,E,E6,19,12
4,2005-12-22,E,E4,20,12
6,2005-12-22,V,V6,20,12
14,2005-12-23,E,E14,21,12
6,2005-12-26,V,V6,24,12
14,2005-12-30,E,E14,28,12
11,2006-01-02,E,E11,1,1
3,2006-01-02,E,E3,1,1
0,2006-01-04,E,E0,3,1
14,2006-01-06,E,E14,5,1
9,2006-01-08,E,E9,7,1
6,2006-01-15,E,E6,14,1
11,2006-01-23,E,E11,22,1
14,2006-01-23,E,E14,22,1
6,2006-01-27,E,E6,26,1
11,2006-02-01,V,V11,2,2
11,2006-02-02,E,E11,3,2
10,2006-02-03,E,E10,4,2
5,2006-02-06,V,V5,7,2
1,2006-02-14,E,E1,15,2
7,2006-02-17,V,V7,18,2
11,2006-02-18,E,E11,19,2
8,2006-02-21,V,V8,22,2
2,2006-02-22,E,E2,23,2
2,2006-02-23,E,E2,24,2
11,2006-02-24,E,E11,25,2
11,2006-02-26,E,E11,27,2
11,2006-02-26,E,E11,27,2
13,2006-02-28,E,E13,29,2
10,2006-03-01,V,V10,0,3
11,2006-03-01,V,V11,0,3
3,2006-03-03,E,E3,2,3
5,2006-03-03,V,V5,2,3
11,2006-03-05,E,E11,4,3
2,2006-03-06,E,E2,5,3
11,2006-03-07,E,E11,6,3
14,2006-03-09,E,E14,8,3
3,2006-03-10,E,E3,9,3
2,2006-03-11,V,V2,10,3
6,2006-03-14,E,E6,13,3
11,2006-03-17,V,V11,16,3
1,2006-03-20,V,V1,19,3
6,2006-03-21,V,V6,20,3
7,2006-03-21,V,V7,20,3
11,2006-03-24,E,E11,23,3
6,2006-03-24,E,E6,23,3
14,2006-03-24,V,V14,23,3
3,2006-03-25,V,V3,24,3
11,2006-03-31,E,E11,1,3
13,2006-03-31,E,E13,1,3
6,2006-03-31,E,E6,1,3
8,2006-04-01,E,E8,2,4
7,2006-04-01,V,V7,2,4
0,2006-04-04,E,E0,5,4
11,2006-04-07,E,E11,8,4
7,2006-04-12,E,E7,13,4
3,2006-04-15,E,E3,16,4
11,2006-04-17,E,E11,18,4
3,2006-04-18,V,V3,19,4
10,2006-04-19,E,E10,20,4
5,2006-04-20,E,E5,21,4
5,2006-04-20,E,E5,21,4
5,2006-04-21,E,E5,22,4
5,2006-04-21,E,E5,22,4
10,2006-04-25,E,E10,26,4
11,2006-04-26,E,E11,27,4
5,2006-04-29,E,E5,1,4
11,2006-04-30,E,E11,2,4
11,2006-04-30,E,E11,2,4
3,2006-04-30,E,E3,2,4
3,2006-04-30,E,E3,2,4
11,2006-05-03,E,E11,5,5
11,2006-05-04,E,E11,6,5
2,2006-05-06,E,E2,8,5
2,2006-05-07,E,E2,9,5
5,2006-05-10,E,E5,12,5
10,2006-05-16,E,E10,18,5
11,2006-05-16,E,E11,18,5
11,2006-05-17,E,E11,19,5
6,2006-05-19,E,E6,21,5
14,2006-05-21,E,E14,23,5
5,2006-05-22,E,E5,24,5
6,2006-05-22,E,E6,24,5
7,2006-05-22,E,E7,24,5
10,2006-05-26,E,E10,28,5
11,2006-05-28,E,E11,0,5
2,2006-05-28,V,V2,0,5
11,2006-06-02,E,E11,5,6
6,2006-06-03,V,V6,6,6
14,2006-06-05,E,E14,8,6
11,2006-06-09,E,E11,12,6
3,2006-06-09,V,V3,12,6
8,2006-06-11,E,E8,14,6
5,2006-06-14,E,E5,17,6
5,2006-06-14,E,E5,17,6
14,2006-06-18,E,E14,21,6
10,2006-06-21,E,E10,24,6
7,2006-06-22,E,E7,25,6
6,2006-06-24,E,E6,27,6
10,2006-06-27,E,E10,1,6
11,2006-06-27,E,E11,1,6
5,2006-06-27,E,E5,1,6
6,2006-07-03,V,V6,7,7
11,2006-07-07,E,E11,11,7
5,2006-07-08,E,E5,12,7
8,2006-07-13,V,V8,17,7
9,2006-07-14,V,V9,18,7
3,2006-07-16,E,E3,20,7
10,2006-07-17,E,E10,21,7
10,2006-07-17,E,E10,21,7
10,2006-07-17,E,E10,21,7
10,2006-07-19,E,E10,23,7
11,2006-07-19,E,E11,23,7
2,2006-07-20,V,V2,24,7
6,2006-07-23,E,E6,27,7
10,2006-07-27,E,E10,1,7
14,2006-08-04,V,V14,9,8
14,2006-08-04,V,V14,9,8
11,2006-08-07,E,E11,12,8
11,2006-08-07,V,V11,12,8
11,2006-08-09,V,V11,14,8
0,2006-08-11,E,E0,16,8
10,2006-08-11,E,E10,16,8
11,2006-08-11,V,V11,16,8
11,2006-08-15,E,E11,20,8
3,2006-08-20,E,E3,25,8
7,2006-08-20,E,E7,25,8
7,2006-08-23,V,V7,28,8
7,2006-08-24,E,E7,0,8
3,2006-08-25,E,E3,1,8
11,2006-09-01,E,E11,8,9
14,2006-09-01,V,V14,8,9
6,2006-09-09,E,E6,16,9
10,2006-09-10,V,V10,17,9
3,2006-09-12,E,E3,19,9
6,2006-09-16,E,E6,23,9
3,2006-09-17,E,E3,24,9
5,2006-09-17,V,V5,24,9
10,2006-09-21,E,E10,28,9
3,2006-09-22,E,E3,29,9
10,2006-09-25,V,V10,2,9
14,2006-09-25,V,V14,2,9
11,2006-09-28,E,E11,5,9
14,2006-09-29,E,E14,6,9
3,2006-09-30,E,E3,7,9
7,2006-09-30,E,E7,7,9
7,2006-09-30,E,E7,7,9
7,2006-10-01,E,E7,8,10
11,2006-10-03,E,E11,10,10
11,2006-10-04,V,V11,11,10
8,2006-10-09,E,E8,16,10
4,2006-10-10,E,E4,17,10
7,2006-10-10,E,E7,17,10
6,2006-10-10,V,V6,17,10
3,2006-10-12,E,E3,19,10
5,2006-10-15,E,E5,22,10
5,2006-10-15,E,E5,22,10
11,2006-10-17,E,E11,24,10
11,2006-10-17,V,V11,24,10
11,2006-10-18,E,E11,25,10
3,2006-10-20,E,E3,27,10
2,2006-10-22,E,E2,29,10
7,2006-10-23,E,E7,0,10
6,2006-10-24,E,E6,1,10
3,2006-10-26,E,E3,3,10
11,2006-11-06,E,E11,14,11
11,2006-11-07,E,E11,15,11
11,2006-11-08,V,V11,16,11
11,2006-11-12,E,E11,20,11
11,2006-11-13,E,E11,21,11
3,2006-11-13,E,E3,21,11
6,2006-11-14,E,E6,22,11
7,2006-11-15,E,E7,23,11
7,2006-11-15,E,E7,23,11
7,2006-11-15,E,E7,23,11
7,2006-11-15,E,E7,23,11
7,2006-11-15,E,E7,23,11
7,2006-11-15,E,E7,23,11
7,2006-11-15,E,E7,23,11
11,2006-11-16,E,E11,24,11
7,2006-11-16,E,E7,24,11
8,2006-11-17,E,E8,25,11
4,2006-11-19,E,E4,27,11
5,2006-11-25,V,V5,4,11
9,2006-11-27,V,V9,6,11
6,2006-11-29,E,E6,8,11
11,2006-11-30,E,E11,9,11
4,2006-11-30,E,E4,9,11
10,2006-12-01,E,E10,10,12
6,2006-12-01,E,E6,10,12
14,2006-12-03,E,E14,12,12
1,2006-12-04,V,V1,13,12
7,2006-12-07,E,E7,16,12
14,2006-12-11,V,V14,20,12
6,2006-12-12,E,E6,21,12
11,2006-12-12,V,V11,21,12
6,2006-12-14,V,V6,23,12
10,2006-12-22,E,E10,1,12
7,2006-12-26,E,E7,5,12
8,2006-12-26,E,E8,5,12
8,2006-12-26,E,E8,5,12
11,2006-12-27,E,E11,6,12
13,2006-12-30,E,E13,9,12
10,2007-01-08,E,E10,18,1
11,2007-01-08,E,E11,18,1
13,2007-01-08,E,E13,18,1
6,2007-01-11,E,E6,21,1
2,2007-01-12,V,V2,22,1
7,2007-01-13,E,E7,23,1
7,2007-01-13,E,E7,23,1
13,2007-01-17,E,E13,27,1
6,2007-01-17,E,E6,27,1
6,2007-01-17,V,V6,27,1
3,2007-01-20,E,E3,0,1
6,2007-01-21,E,E6,1,1
6,2007-01-21,E,E6,1,1
8,2007-01-25,E,E8,5,1
1,2007-01-30,E,E1,10,1
11,2007-01-30,E,E11,10,1
11,2007-01-31,E,E11,11,1
14,2007-02-04,E,E14,15,2
4,2007-02-04,E,E4,15,2
14,2007-02-09,V,V14,20,2
6,2007-02-12,E,E6,23,2
9,2007-02-12,E,E9,23,2
7,2007-02-15,V,V7,26,2
7,2007-02-17,E,E7,28,2
14,2007-02-19,V,V14,1,2
6,2007-02-20,E,E6,2,2
6,2007-02-20,E,E6,2,2
14,2007-02-24,E,E14,6,2
3,2007-02-28,E,E3,10,2
14,2007-03-01,E,E14,11,3
7,2007-03-04,V,V7,14,3
10,2007-03-06,E,E10,16,3
10,2007-03-06,E,E10,16,3
3,2007-03-08,E,E3,18,3
7,2007-03-08,E,E7,18,3
7,2007-03-09,E,E7,19,3
0,2007-03-13,E,E0,23,3
14,2007-03-15,V,V14,25,3
14,2007-03-17,E,E14,27,3
6,2007-03-17,E,E6,27,3
14,2007-03-18,E,E14,28,3
10,2007-03-19,V,V10,29,3
9,2007-03-19,V,V9,29,3
7,2007-03-24,V,V7,4,3
11,2007-03-25,E,E11,5,3
11,2007-03-25,E,E11,5,3
7,2007-03-25,E,E7,5,3
4,2007-03-31,E,E4,11,3
11,2007-04-01,E,E11,12,4
11,2007-04-01,E,E11,12,4
11,2007-04-01,E,E11,12,4
11,2007-04-01,E,E11,12,4
11,2007-04-01,E,E11,12,4
11,2007-04-02,E,E11,13,4
11,2007-04-02,E,E11,13,4
11,2007-04-02,E,E11,13,4
3,2007-04-02,E,E3,13,4
11,2007-04-02,V,V11,13,4
11,2007-04-03,E,E11,14,4
11,2007-04-03,E,E11,14,4
13,2007-04-03,E,E13,14,4
11,2007-04-04,E,E11,15,4
11,2007-04-04,E,E11,15,4
11,2007-04-04,E,E11,15,4
11,2007-04-04,E,E11,15,4
9,2007-04-05,E,E9,16,4
10,2007-04-07,E,E10,18,4
9,2007-04-07,E,E9,18,4
11,2007-04-12,E,E11,23,4
0,2007-04-13,E,E0,24,4
4,2007-04-13,E,E4,24,4
11,2007-04-16,E,E11,27,4
8,2007-04-20,E,E8,2,4
8,2007-04-20,E,E8,2,4
8,2007-04-20,E,E8,2,4
11,2007-04-21,E,E11,3,4
11,2007-04-21,E,E11,3,4
3,2007-04-21,E,E3,3,4
11,2007-04-21,V,V11,3,4
11,2007-04-25,E,E11,7,4
3,2007-04-28,E,E3,10,4
5,2007-04-29,E,E5,11,4
11,2007-05-01,V,V11,13,5
9,2007-05-04,E,E9,16,5
13,2007-05-05,E,E13,17,5
11,2007-05-06,E,E11,18,5
11,2007-05-06,E,E11,18,5
3,2007-05-07,E,E3,19,5
7,2007-05-10,V,V7,22,5
8,2007-05-16,E,E8,28,5
11,2007-05-17,E,E11,0,5
11,2007-05-19,V,V11,2,5
3,2007-05-26,V,V3,9,5
11,2007-05-29,E,E11,12,5
6,2007-05-29,E,E6,12,5
7,2007-05-30,E,E7,13,5
2,2007-06-01,V,V2,15,6
6,2007-06-01,V,V6,15,6
8,2007-06-02,E,E8,16,6
11,2007-06-07,E,E11,21,6
14,2007-06-13,E,E14,27,6
5,2007-06-17,V,V5,1,6
11,2007-06-18,E,E11,2,6
3,2007-06-24,E,E3,8,6
10,2007-06-26,E,E10,10,6
11,2007-06-28,E,E11,12,6
14,2007-07-03,E,E14,17,7
0,2007-07-06,E,E0,20,7
6,2007-07-08,V,V6,22,7
14,2007-07-12,E,E14,26,7
5,2007-07-13,E,E5,27,7
11,2007-07-15,E,E11,0,7
5,2007-07-15,E,E5,0,7
7,2007-07-16,E,E7,1,7
7,2007-07-16,E,E7,1,7
11,2007-07-17,E,E11,2,7
11,2007-07-18,E,E11,3,7
14,2007-07-21,E,E14,6,7
3,2007-07-21,E,E3,6,7
10,2007-07-25,E,E10,10,7
6,2007-07-26,E,E6,11,7
6,2007-07-26,V,V6,11,7
11,2007-07-27,E,E11,12,7
9,2007-07-31,E,E9,16,7
11,2007-08-01,E,E11,17,8
5,2007-08-02,E,E5,18,8
7,2007-08-02,E,E7,18,8
4,2007-08-04,E,E4,20,8
11,2007-08-05,E,E11,21,8
8,2007-08-07,E,E8,23,8
10,2007-08-08,E,E10,24,8
10,2007-08-08,E,E10,24,8
11,2007-08-12,E,E11,28,8
13,2007-08-12,V,V13,28,8
11,2007-08-13,E,E11,0,8
3,2007-08-15,E,E3,2,8
5,2007-08-15,E,E5,2,8
5,2007-08-15,V,V5,2,8
11,2007-08-16,E,E11,3,8
3,2007-08-16,E,E3,3,8
3,2007-08-16,E,E3,3,8
6,2007-08-17,E,E6,4,8
3,2007-08-18,E,E3,5,8
7,2007-08-19,V,V7,6,8
14,2007-08-20,E,E14,7,8
6,2007-08-20,E,E6,7,8
11,2007-08-26,E,E11,13,8
11,2007-08-28,V,V11,15,8
0,2007-09-01,E,E0,19,9
11,2007-09-02,E,E11,20,9
11,2007-09-02,E,E11,20,9
7,2007-09-03,E,E7,21,9
8,2007-09-06,E,E8,24,9
10,2007-09-09,V,V10,27,9
14,2007-09-10,E,E14,28,9
10,2007-09-12,E,E10,0,9
10,2007-09-12,E,E10,0,9
10,2007-09-13,E,E10,1,9
10,2007-09-13,E,E10,1,9
10,2007-09-13,E,E10,1,9
4,2007-09-13,E,E4,1,9
6,2007-09-13,E,E6,1,9
10,2007-09-14,E,E10,2,9
10,2007-09-19,E,E10,7,9
10,2007-09-20,E,E10,8,9
11,2007-09-25,E,E11,13,9
11,2007-09-25,V,V11,13,9
10,2007-09-26,E,E10,14,9
11,2007-09-26,E,E11,14,9
11,2007-09-27,E,E11,15,9
1,2007-09-28,E,E1,16,9
11,2007-09-28,E,E11,16,9
11,2007-09-28,E,E11,16,9
10,2007-09-29,E,E10,17,9
1,2007-09-30,E,E1,18,9
11,2007-09-30,E,E11,18,9
11,2007-09-30,E,E11,18,9
13,2007-09-30,V,V13,18,9
10,2007-10-01,V,V10,19,10
5,2007-10-02,E,E5,20,10
10,2007-10-04,E,E10,22,10
14,2007-10-04,V,V14,22,10
11,2007-10-05,E,E11,23,10
1,2007-10-06,E,E1,24,10
11,2007-10-09,E,E11,27,10
11,2007-10-13,E,E11,1,10
11,2007-10-15,E,E11,3,10
11,2007-10-15,E,E11,3,10
11,2007-10-16,E,E11,4,10
11,2007-10-21,E,E11,9,10
10,2007-10-23,V,V10,11,10
10,2007-10-24,E,E10,12,10
7,2007-10-25,E,E7,13,10
14,2007-10-28,V,V14,16,10
1,2007-10-31,E,E1,19,10
5,2007-10-31,E,E5,19,10
4,2007-11-02,E,E4,21,11
14,2007-11-08,V,V14,27,11
11,2007-11-10,E,E11,0,11
3,2007-11-14,E,E3,4,11
3,2007-11-15,E,E3,5,11
3,2007-11-15,E,E3,5,11
14,2007-11-16,E,E14,6,11
3,2007-11-18,E,E3,8,11
11,2007-11-19,E,E11,9,11
11,2007-11-19,E,E11,9,11
11,2007-11-20,E,E11,10,11
3,2007-11-20,E,E3,10,11
11,2007-11-22,E,E11,12,11
14,2007-11-24,V,V14,14,11
10,2007-11-25,E,E10,15,11
6,2007-11-25,E,E6,15,11
6,2007-11-25,E,E6,15,11
11,2007-11-27,E,E11,17,11
1,2007-11-27,V,V1,17,11
10,2007-11-27,V,V10,17,11
14,2007-11-29,E,E14,19,11
4,2007-11-29,E,E4,19,11
11,2007-12-09,E,E11,29,12
11,2007-12-13,E,E11,3,12
3,2007-12-13,E,E3,3,12
3,2007-12-13,E,E3,3,12
6,2007-12-15,E,E6,5,12
6,2007-12-15,E,E6,5,12
3,2007-12-16,E,E3,6,12
5,2007-12-19,E,E5,9,12
11,2007-12-20,E,E11,10,12
5,2007-12-21,E,E5,11,12
10,2007-12-22,E,E10,12,12
6,2007-12-22,E,E6,12,12
7,2007-12-25,E,E7,15,12
5,2007-12-26,E,E5,16,12
11,2008-01-01,E,E11,22,1
11,2008-01-01,V,V11,22,1
3,2008-01-01,V,V3,22,1
14,2008-01-02,V,V14,23,1
10,2008-01-04,E,E10,25,1
5,2008-01-05,E,E5,26,1
5,2008-01-05,E,E5,26,1
9,2008-01-06,E,E9,27,1
7,2008-01-07,V,V7,28,1
3,2008-01-08,V,V3,29,1
13,2008-01-09,E,E13,0,1
5,2008-01-09,E,E5,0,1
5,2008-01-10,E,E5,1,1
14,2008-01-13,V,V14,4,1
11,2008-01-15,E,E11,6,1
6,2008-01-20,E,E6,11,1
10,2008-01-22,E,E10,13,1
11,2008-01-22,E,E11,13,1
11,2008-01-22,E,E11,13,1
6,2008-01-30,E,E6,21,1
11,2008-02-01,E,E11,23,2
3,2008-02-04,E,E3,26,2
14,2008-02-08,E,E14,0,2
11,2008-02-08,V,V11,0,2
6,2008-02-09,E,E6,1,2
3,2008-02-10,E,E3,2,2
0,2008-02-12,E,E0,4,2
6,2008-02-13,E,E6,5,2
9,2008-02-14,E,E9,6,2
9,2008-02-14,E,E9,6,2
3,2008-02-16,E,E3,8,2
8,2008-02-17,V,V8,9,2
10,2008-02-20,E,E10,12,2
9,2008-02-20,E,E9,12,2
0,2008-02-21,E,E0,13,2
9,2008-02-21,E,E9,13,2
5,2008-02-22,V,V5,14,2
3,2008-02-23,E,E3,15,2
10,2008-02-24,E,E10,16,2
10,2008-02-25,E,E10,17,2
10,2008-02-25,E,E10,17,2
10,2008-02-25,E,E10,17,2
1,2008-02-27,E,E1,19,2
10,2008-03-03,E,E10,24,3
7,2008-03-03,E,E7,24,3
8,2008-03-03,E,E8,24,3
8,2008-03-03,E,E8,24,3
11,2008-03-11,V,V11,3,3
11,2008-03-12,E,E11,4,3
11,2008-03-12,E,E11,4,3
2,2008-03-13,E,E2,5,3
1,2008-03-14,E,E1,6,3
10,2008-03-15,E,E10,7,3
11,2008-03-18,E,E11,10,3
13,2008-03-20,E,E13,12,3
6,2008-03-20,E,E6,12,3
5,2008-03-22,E,E5,14,3
3,2008-03-24,E,E3,16,3
10,2008-03-24,V,V10,16,3
10,2008-03-29,E,E10,21,3
6,2008-04-05,V,V6,28,4
11,2008-04-09,E,E11,2,4
11,2008-04-09,E,E11,2,4
11,2008-04-09,E,E11,2,4
11,2008-04-09,E,E11,2,4
11,2008-04-11,E,E11,4,4
11,2008-04-12,E,E11,5,4
3,2008-04-14,E,E3,7,4
14,2008-04-15,E,E14,8,4
5,2008-04-15,E,E5,8,4
6,2008-04-15,V,V6,8,4
11,2008-04-16,E,E11,9,4
5,2008-04-16,E,E5,9,4
11,2008-04-18,E,E11,11,4
11,2008-04-19,E,E11,12,4
6,2008-04-19,E,E6,12,4
6,2008-04-19,E,E6,12,4
8,2008-04-23,E,E8,16,4
9,2008-04-24,E,E9,17,4
11,2008-04-26,E,E11,19,4
11,2008-04-28,E,E11,21,4
11,2008-04-28,E,E11,21,4
3,2008-04-28,E,E3,21,4
14,2008-04-29,V,V14,22,4
5,2008-05-02,E,E5,25,5
3,2008-05-02,V,V3,25,5
7,2008-05-07,E,E7,1,5
7,2008-05-07,E,E7,1,5
7,2008-05-07,E,E7,1,5
7,2008-05-08,V,V7,2,5
1,2008-05-09,E,E1,3,5
8,2008-05-12,E,E8,6,5
8,2008-05-12,E,E8,6,5
10,2008-05-13,V,V10,7,5
9,2008-05-13,V,V9,7,5
10,2008-05-19,E,E10,13,5
5,2008-05-20,E,E5,14,5
14,2008-05-23,E,E14,17,5
11,2008-05-23,V,V11,17,5
5,2008-05-25,E,E5,19,5
8,2008-05-25,E,E8,19,5
9,2008-05-29,E,E9,23,5
14,2008-05-29,V,V14,23,5
2,2008-05-31,E,E2,25,5
11,2008-06-01,E,E11,26,6
8,2008-06-01,E,E8,26,6
11,2008-06-03,E,E11,28,6
6,2008-06-03,E,E6,28,6
4,2008-06-05,E,E4,1,6
6,2008-06-06,E,E6,2,6
6,2008-06-06,V,V6,2,6
9,2008-06-08,E,E9,4,6
6,2008-06-12,V,V6,8,6
7,2008-06-13,E,E7,9,6
4,2008-06-15,E,E4,11,6
7,2008-06-22,E,E7,18,6
14,2008-06-22,V,V14,18,6
11,2008-06-26,E,E11,22,6
10,2008-06-27,E,E10,23,6
10,2008-06-28,E,E10,24,6
7,2008-06-29,E,E7,25,6
3,2008-06-30,E,E3,26,6
11,2008-07-03,E,E11,29,7
7,2008-07-05,E,E7,1,7
14,2008-07-05,V,V14,1,7
3,2008-07-08,E,E3,4,7
8,2008-07-08,E,E8,4,7
7,2008-07-11,V,V7,7,7
5,2008-07-12,V,V5,8,7
8,2008-07-13,E,E8,9,7
11,2008-07-13,V,V11,9,7
9,2008-07-15,E,E9,11,7
11,2008-07-19,E,E11,15,7
11,2008-07-19,E,E11,15,7
11,2008-07-19,E,E11,15,7
7,2008-07-19,E,E7,15,7
7,2008-07-21,E,E7,17,7
7,2008-07-23,E,E7,19,7
7,2008-07-24,E,E7,20,7
14,2008-07-27,V,V14,23,7
11,2008-07-28,E,E11,24,7
7,2008-07-29,V,V7,25,7
14,2008-07-30,V,V14,26,7
6,2008-08-04,E,E6,2,8
8,2008-08-05,E,E8,3,8
5,2008-08-07,V,V5,5,8
11,2008-08-09,E,E11,7,8
11,2008-08-09,E,E11,7,8
10,2008-08-10,E,E10,8,8
7,2008-08-10,V,V7,8,8
8,2008-08-10,V,V8,8,8
9,2008-08-11,E,E9,9,8
8,2008-08-15,E,E8,13,8
11,2008-08-19,E,E11,17,8
8,2008-08-21,E,E8,19,8
2,2008-08-22,E,E2,20,8
8,2008-08-22,V,V8,20,8
13,2008-08-25,E,E13,23,8
14,2008-08-26,E,E14,24,8
8,2008-08-27,E,E8,25,8
9,2008-08-28,E,E9,26,8
11,2008-08-30,E,E11,28,8
8,2008-08-30,E,E8,28,8
11,2008-09-01,E,E11,1,9
3,2008-09-03,E,E3,3,9
11,2008-09-08,E,E11,8,9
11,2008-09-08,E,E11,8,9
13,2008-09-10,E,E13,10,9
14,2008-09-10,E,E14,10,9
6,2008-09-11,E,E6,11,9
7,2008-09-11,E,E7,11,9
4,2008-09-18,E,E4,18,9
11,2008-09-19,V,V11,19,9
2,2008-09-21,V,V2,21,9
0,2008-09-24,E,E0,24,9
13,2008-09-25,E,E13,25,9
11,2008-09-29,E,E11,29,9
11,2008-10-05,E,E11,5,10
13,2008-10-05,E,E13,5,10
13,2008-10-05,E,E13,5,10
13,2008-10-06,E,E13,6,10
7,2008-10-08,V,V7,8,10
14,2008-10-11,E,E14,11,10
3,2008-10-12,E,E3,12,10
14,2008-10-16,E,E14,16,10
11,2008-10-19,E,E11,19,10
14,2008-10-21,V,V14,21,10
11,2008-10-22,E,E11,22,10
11,2008-10-23,E,E11,23,10
3,2008-10-25,V,V3,25,10
14,2008-10-26,V,V14,26,10
3,2008-10-26,V,V3,26,10
11,2008-10-28,E,E11,28,10
13,2008-10-28,E,E13,28,10
13,2008-10-29,E,E13,0,10
4,2008-10-30,E,E4,1,10
11,2008-11-01,E,E11,3,11
11,2008-11-01,V,V11,3,11
11,2008-11-01,V,V11,3,11
5,2008-11-02,E,E5,4,11
13,2008-11-03,V,V13,5,11
11,2008-11-04,E,E11,6,11
11,2008-11-07,E,E11,9,11
6,2008-11-07,E,E6,9,11
11,2008-11-08,E,E11,10,11
13,2008-11-10,E,E13,12,11
6,2008-11-16,E,E6,18,11
7,2008-11-18,V,V7,20,11
14,2008-11-19,E,E14,21,11
11,2008-11-21,E,E11,23,11
14,2008-11-21,V,V14,23,11
10,2008-11-22,E,E10,24,11
11,2008-11-22,E,E11,24,11
9,2008-11-22,E,E9,24,11
7,2008-11-24,E,E7,26,11
11,2008-11-29,E,E11,1,11
6,2008-11-29,V,V6,1,11
6,2008-12-06,E,E6,8,12
2,2008-12-08,E,E2,10,12
11,2008-12-09,E,E11,11,12
11,2008-12-09,E,E11,11,12
11,2008-12-10,E,E11,12,12
3,2008-12-18,E,E3,20,12
3,2008-12-18,E,E3,20,12
7,2008-12-20,E,E7,22,12
7,2008-12-23,V,V7,25,12
11,2008-12-24,E,E11,26,12
6,2008-12-25,E,E6,27,12
10,2009-01-01,V,V10,4,1
5,2009-01-02,V,V5,5,1
13,2009-01-03,E,E13,6,1
6,2009-01-03,E,E6,6,1
6,2009-01-03,E,E6,6,1
6,2009-01-06,E,E6,9,1
14,2009-01-08,E,E14,11,1
14,2009-01-12,V,V14,15,1
2,2009-01-13,E,E2,16,1
11,2009-01-15,E,E11,18,1
7,2009-01-15,E,E7,18,1
10,2009-01-15,V,V10,18,1
11,2009-01-18,E,E11,21,1
11,2009-01-19,E,E11,22,1
11,2009-01-19,E,E11,22,1
11,2009-01-21,E,E11,24,1
7,2009-01-21,V,V7,24,1
11,2009-01-22,E,E11,25,1
6,2009-01-22,E,E6,25,1
3,2009-01-29,V,V3,2,1
3,2009-02-02,E,E3,6,2
14,2009-02-09,E,E14,13,2
6,2009-02-11,E,E6,15,2
6,2009-02-11,E,E6,15,2
7,2009-02-11,V,V7,15,2
6,2009-02-12,E,E6,16,2
6,2009-02-12,E,E6,16,2
6,2009-02-12,E,E6,16,2
14,2009-02-15,E,E14,19,2
11,2009-02-17,E,E11,21,2
11,2009-02-18,E,E11,22,2
6,2009-02-22,E,E6,26,2
3,2009-02-28,E,E3,2,2
5,2009-03-06,E,E5,8,3
14,2009-03-12,E,E14,14,3
5,2009-03-15,V,V5,17,3
6,2009-03-16,E,E6,18,3
11,2009-03-17,V,V11,19,3
11,2009-03-19,E,E11,21,3
10,2009-03-25,V,V10,27,3
6,2009-03-28,E,E6,1,3
11,2009-04-01,E,E11,5,4
10,2009-04-01,V,V10,5,4
7,2009-04-01,V,V7,5,4
6,2009-04-04,E,E6,8,4
9,2009-04-06,E,E9,10,4
7,2009-04-07,E,E7,11,4
14,2009-04-10,V,V14,14,4
10,2009-04-15,E,E10,19,4
3,2009-04-16,E,E3,20,4
3,2009-04-17,E,E3,21,4
7,2009-04-18,E,E7,22,4
6,2009-04-19,E,E6,23,4
7,2009-04-21,E,E7,25,4
10,2009-04-21,V,V10,25,4
11,2009-04-26,E,E11,0,4
6,2009-05-02,V,V6,6,5
14,2009-05-03,E,E14,7,5
14,2009-05-10,E,E14,14,5
11,2009-05-12,E,E11,16,5
11,2009-05-16,E,E11,20,5
11,2009-05-24,E,E11,28,5
14,2009-05-28,E,E14,3,5
11,2009-06-02,E,E11,8,6
2,2009-06-04,E,E2,10,6
7,2009-06-05,E,E7,11,6
14,2009-06-06,E,E14,12,6
7,2009-06-11,V,V7,17,6
11,2009-06-12,E,E11,18,6
6,2009-06-14,E,E6,20,6
2,2009-06-16,E,E2,22,6
11,2009-06-23,E,E11,0,6
5,2009-06-25,V,V5,2,6
13,2009-06-28,V,V13,5,6
9,2009-07-01,E,E9,8,7
0,2009-07-03,E,E0,10,7
14,2009-07-04,E,E14,11,7
5,2009-07-06,E,E5,13,7
12,2009-07-07,E,E12,14,7
4,2009-07-08,E,E4,15,7
3,2009-07-12,E,E3,19,7
8,2009-07-13,E,E8,20,7
11,2009-07-15,E,E11,22,7
11,2009-07-15,E,E11,22,7
11,2009-07-15,E,E11,22,7
4,2009-08-01,E,E4,9,8
7,2009-08-01,V,V7,9,8
6,2009-08-02,E,E6,10,8
0,2009-08-03,E,E0,11,8
0,2009-08-03,E,E0,11,8
11,2009-08-05,E,E11,13,8
8,2009-08-05,E,E8,13,8
7,2009-08-09,E,E7,17,8
10,2009-08-10,E,E10,18,8
11,2009-08-10,E,E11,18,8
7,2009-08-10,E,E7,18,8
7,2009-08-12,E,E7,20,8
10,2009-08-16,E,E10,24,8
8,2009-08-17,E,E8,25,8
8,2009-08-17,E,E8,25,8
11,2009-08-18,E,E11,26,8
9,2009-08-20,E,E9,28,8
13,2009-08-28,E,E13,7,8
6,2009-08-28,E,E6,7,8
11,2009-08-30,E,E11,9,8
11,2009-09-01,V,V11,11,9
10,2009-09-02,E,E10,12,9
11,2009-09-02,E,E11,12,9
8,2009-09-03,E,E8,13,9
14,2009-09-06,V,V14,16,9
10,2009-09-07,E,E10,17,9
13,2009-09-07,E,E13,17,9
7,2009-09-10,E,E7,20,9
14,2009-09-12,E,E14,22,9
8,2009-09-15,V,V8,25,9
4,2009-09-17,E,E4,27,9
13,2009-09-21,E,E13,2,9
11,2009-09-23,E,E11,4,9
0,2009-09-24,E,E0,5,9
10,2009-09-27,V,V10,8,9
11,2009-09-27,V,V11,8,9
11,2009-09-29,E,E11,10,9
11,2009-09-29,E,E11,10,9
11,2009-09-29,E,E11,10,9
10,2009-09-30,E,E10,11,9
10,2009-10-01,E,E10,12,10
11,2009-10-02,E,E11,13,10
11,2009-10-02,E,E11,13,10
5,2009-10-02,V,V5,13,10
8,2009-10-03,E,E8,14,10
6,2009-10-04,E,E6,15,10
11,2009-10-07,E,E11,18,10
11,2009-10-07,E,E11,18,10
11,2009-10-07,E,E11,18,10
11,2009-10-07,E,E11,18,10
6,2009-10-07,E,E6,18,10
11,2009-10-08,E,E11,19,10
11,2009-10-08,E,E11,19,10
11,2009-10-08,E,E11,19,10
11,2009-10-08,E,E11,19,10
7,2009-10-10,E,E7,21,10
11,2009-10-11,E,E11,22,10
11,2009-10-12,E,E11,23,10
2,2009-10-12,E,E2,23,10
5,2009-10-13,E,E5,24,10
5,2009-10-13,E,E5,24,10
6,2009-10-13,E,E6,24,10
11,2009-10-14,E,E11,25,10
4,2009-10-15,E,E4,26,10
6,2009-10-15,E,E6,26,10
10,2009-10-16,E,E10,27,10
11,2009-10-19,E,E11,0,10
13,2009-10-22,E,E13,3,10
14,2009-10-22,E,E14,3,10
11,2009-10-23,E,E11,4,10
6,2009-10-24,E,E6,5,10
11,2009-10-25,E,E11,6,10
3,2009-10-27,E,E3,8,10
13,2009-10-29,E,E13,10,10
8,2009-10-30,E,E8,11,10
14,2009-11-01,V,V14,13,11
11,2009-11-02,E,E11,14,11
11,2009-11-05,E,E11,17,11
2,2009-11-05,V,V2,17,11
6,2009-11-08,E,E6,20,11
11,2009-11-09,E,E11,21,11
10,2009-11-10,E,E10,22,11
3,2009-11-13,E,E3,25,11
3,2009-11-14,E,E3,26,11
8,2009-11-15,V,V8,27,11
5,2009-11-17,E,E5,0,11
11,2009-11-22,E,E11,5,11
11,2009-11-22,E,E11,5,11
3,2009-11-22,V,V3,5,11
11,2009-11-24,E,E11,7,11
11,2009-11-28,E,E11,11,11
6,2009-11-28,E,E6,11,11
6,2009-11-28,E,E6,11,11
4,2009-12-03,E,E4,16,12
10,2009-12-09,E,E10,22,12
11,2009-12-09,E,E11,22,12
9,2009-12-09,E,E9,22,12
7,2009-12-10,E,E7,23,12
14,2009-12-11,V,V14,24,12
11,2009-12-14,E,E11,27,12
7,2009-12-17,V,V7,0,12
2,2009-12-19,E,E2,2,12
8,2009-12-19,E,E8,2,12
10,2009-12-23,E,E10,6,12
7,2009-12-24,E,E7,7,12
6,2009-12-26,E,E6,9,12
4,2009-12-31,E,E4,14,12
14,2010-01-01,V,V14,15,1
1,2010-01-02,E,E1,16,1
9,2010-01-02,V,V9,16,1
11,2010-01-03,E,E11,17,1
11,2010-01-03,E,E11,17,1
11,2010-01-05,E,E11,19,1
11,2010-01-05,E,E11,19,1
3,2010-01-05,E,E3,19,1
14,2010-01-05,V,V14,19,1
11,2010-01-09,E,E11,23,1
0,2010-01-10,E,E0,24,1
14,2010-01-12,E,E14,26,1
14,2010-01-12,E,E14,26,1
3,2010-01-17,E,E3,1,1
13,2010-01-29,V,V13,13,1
11,2010-02-01,E,E11,16,2
1,2010-02-03,V,V1,18,2
2,2010-02-05,E,E2,20,2
7,2010-02-06,E,E7,21,2
8,2010-02-07,E,E8,22,2
11,2010-02-09,E,E11,24,2
11,2010-02-13,E,E11,28,2
6,2010-02-15,E,E6,0,2
7,2010-02-18,E,E7,3,2
11,2010-02-22,E,E11,7,2
8,2010-02-26,E,E8,11,2
3,2010-02-27,E,E3,12,2
3,2010-02-27,E,E3,12,2
3,2010-02-27,E,E3,12,2
3,2010-02-27,E,E3,12,2
3,2010-02-27,E,E3,12,2
3,2010-02-27,E,E3,12,2
3,2010-02-27,E,E3,12,2
3,2010-02-27,E,E3,12,2
3,2010-02-27,E,E3,12,2
3,2010-02-27,E,E3,12,2
3,2010-02-27,E,E3,12,2
3,2010-02-27,E,E3,12,2
3,2010-02-28,E,E3,13,2
3,2010-03-03,E,E3,16,3
11,2010-03-04,E,E11,17,3
3,2010-03-04,E,E3,17,3
3,2010-03-04,E,E3,17,3
8,2010-03-04,E,E8,17,3
10,2010-03-05,E,E10,18,3
3,2010-03-05,E,E3,18,3
3,2010-03-05,E,E3,18,3
4,2010-03-07,E,E4,20,3
1,2010-03-08,E,E1,21,3
9,2010-03-08,E,E9,21,3
3,2010-03-11,E,E3,24,3
3,2010-03-11,E,E3,24,3
3,2010-03-11,E,E3,24,3
6,2010-03-14,E,E6,27,3
7,2010-03-14,E,E7,27,3
3,2010-03-15,E,E3,28,3
3,2010-03-16,E,E3,0,3
11,2010-03-20,E,E11,4,3
9,2010-03-20,V,V9,4,3
8,2010-03-25,E,E8,9,3
3,2010-03-26,E,E3,10,3
3,2010-03-28,E,E3,12,3
10,2010-03-30,E,E10,14,3
8,2010-03-30,V,V8,14,3
3,2010-04-02,E,E3,17,4
0,2010-04-04,E,E0,19,4
6,2010-04-05,E,E6,20,4
10,2010-04-06,E,E10,21,4
6,2010-04-07,E,E6,22,4
9,2010-04-08,V,V9,23,4
11,2010-04-10,E,E11,25,4
11,2010-04-11,E,E11,26,4
9,2010-04-11,E,E9,26,4
7,2010-04-11,V,V7,26,4
8,2010-04-13,E,E8,28,4
8,2010-04-14,E,E8,29,4
11,2010-04-17,E,E11,2,4
11,2010-04-21,E,E11,6,4
3,2010-04-23,E,E3,8,4
6,2010-04-24,E,E6,9,4
8,2010-04-26,E,E8,11,4
5,2010-04-30,E,E5,15,4
5,2010-04-30,E,E5,15,4
3,2010-05-03,E,E3,18,5
7,2010-05-03,E,E7,18,5
1,2010-05-03,V,V1,18,5
10,2010-05-05,E,E10,20,5
3,2010-05-06,E,E3,21,5
10,2010-05-09,E,E10,24,5
14,2010-05-19,E,E14,4,5
4,2010-05-19,E,E4,4,5
4,2010-05-19,E,E4,4,5
7,2010-05-21,V,V7,6,5
3,2010-05-23,E,E3,8,5
14,2010-05-24,E,E14,9,5
9,2010-05-25,E,E9,10,5
8,2010-05-26,E,E8,11,5
11,2010-05-26,V,V11,11,5
11,2010-05-27,E,E11,12,5
11,2010-05-27,E,E11,12,5
1,2010-05-27,V,V1,12,5
5,2010-05-30,V,V5,15,5
10,2010-05-31,E,E10,16,5
6,2010-05-31,E,E6,16,5
14,2010-06-01,E,E14,17,6
7,2010-06-06,V,V7,22,6
11,2010-06-09,E,E11,25,6
14,2010-06-09,V,V14,25,6
10,2010-06-12,E,E10,28,6
6,2010-06-16,E,E6,3,6
6,2010-06-16,E,E6,3,6
6,2010-06-16,E,E6,3,6
11,2010-06-17,E,E11,4,6
7,2010-06-18,E,E7,5,6
11,2010-06-24,E,E11,11,6
11,2010-06-26,E,E11,13,6
0,2010-06-30,E,E0,17,6
11,2010-06-30,E,E11,17,6
7,2010-06-30,V,V7,17,6
11,2010-07-02,E,E11,19,7
7,2010-07-02,V,V7,19,7
7,2010-07-04,E,E7,21,7
1,2010-07-10,E,E1,27,7
3,2010-07-12,E,E3,0,7
3,2010-07-14,E,E3,2,7
11,2010-07-18,E,E11,6,7
11,2010-07-18,E,E11,6,7
5,2010-07-18,E,E5,6,7
5,2010-07-18,E,E5,6,7
11,2010-07-20,E,E11,8,7
6,2010-07-21,E,E6,9,7
11,2010-07-22,E,E11,10,7
6,2010-07-23,E,E6,11,7
6,2010-07-23,E,E6,11,7
6,2010-07-23,E,E6,11,7
11,2010-07-23,V,V11,11,7
6,2010-07-24,E,E6,12,7
6,2010-07-29,E,E6,17,7
7,2010-07-30,E,E7,18,7
6,2010-08-03,E,E6,22,8
11,2010-08-04,E,E11,23,8
11,2010-08-04,E,E11,23,8
11,2010-08-04,E,E11,23,8
5,2010-08-04,E,E5,23,8
7,2010-08-04,E,E7,23,8
6,2010-08-06,V,V6,25,8
11,2010-08-10,E,E11,29,8
11,2010-08-10,V,V11,29,8
14,2010-08-12,E,E14,1,8
1,2010-08-13,E,E1,2,8
1,2010-08-14,E,E1,3,8
1,2010-08-14,E,E1,3,8
11,2010-08-15,E,E11,4,8
11,2010-08-16,E,E11,5,8
2,2010-08-16,E,E2,5,8
1,2010-08-18,E,E1,7,8
11,2010-08-20,E,E11,9,8
0,2010-08-24,E,E0,13,8
14,2010-08-25,V,V14,14,8
9,2010-08-25,V,V9,14,8
10,2010-08-27,V,V10,16,8
11,2010-09-03,E,E11,23,9
5,2010-09-03,E,E5,23,9
11,2010-09-04,E,E11,24,9
3,2010-09-06,V,V3,26,9
11,2010-09-07,E,E11,27,9
11,2010-09-08,E,E11,28,9
3,2010-09-09,E,E3,0,9
13,2010-09-17,E,E13,8,9
10,2010-09-17,V,V10,8,9
6,2010-09-26,E,E6,17,9
6,2010-09-29,E,E6,20,9
6,2010-09-29,E,E6,20,9
8,2010-10-04,E,E8,25,10
5,2010-10-08,E,E5,0,10
5,2010-10-08,E,E5,0,10
6,2010-10-08,E,E6,0,10
2,2010-10-14,V,V2,6,10
0,2010-10-21,E,E0,13,10
10,2010-10-25,E,E10,17,10
10,2010-10-25,E,E10,17,10
10,2010-10-25,V,V10,17,10
10,2010-10-26,V,V10,18,10
4,2010-10-30,E,E4,22,10
11,2010-11-03,E,E11,26,11
6,2010-11-03,E,E6,26,11
6,2010-11-06,V,V6,29,11
2,2010-11-10,E,E2,3,11
7,2010-11-11,V,V7,4,11
3,2010-11-17,V,V3,10,11
4,2010-11-21,E,E4,14,11
14,2010-11-22,V,V14,15,11
11,2010-11-23,E,E11,16,11
10,2010-11-26,V,V10,19,11
1,2010-11-30,E,E1,23,11
11,2010-12-01,E,E11,24,12
11,2010-12-02,E,E11,25,12
3,2010-12-08,E,E3,2,12
11,2010-12-13,E,E11,7,12
6,2010-12-15,E,E6,9,12
13,2010-12-20,E,E13,14,12
1,2010-12-21,E,E1,15,12
1,2010-12-22,E,E1,16,12
7,2010-12-23,E,E7,17,12
11,2010-12-25,E,E11,19,12
11,2010-12-26,E,E11,20,12
11,2010-12-28,E,E11,22,12
11,2010-12-29,E,E11,23,12
3,2011-01-01,E,E3,26,1
3,2011-01-02,E,E3,27,1
13,2011-01-04,V,V13,29,1
11,2011-01-05,E,E11,0,1
11,2011-01-09,E,E11,4,1
11,2011-01-09,E,E11,4,1
1,2011-01-12,E,E1,7,1
11,2011-01-13,E,E11,8,1
14,2011-01-14,V,V14,9,1
10,2011-01-17,E,E10,12,1
13,2011-01-18,E,E13,13,1
8,2011-01-19,V,V8,14,1
13,2011-01-24,E,E13,19,1
10,2011-01-26,E,E10,21,1
13,2011-01-27,E,E13,22,1
9,2011-01-29,E,E9,24,1
11,2011-01-31,E,E11,26,1
11,2011-02-03,E,E11,29,2
8,2011-02-04,E,E8,0,2
11,2011-02-07,E,E11,3,2
6,2011-02-10,E,E6,6,2
6,2011-02-10,E,E6,6,2
3,2011-02-11,E,E3,7,2
3,2011-02-11,E,E3,7,2
11,2011-02-12,E,E11,8,2
3,2011-02-12,E,E3,8,2
3,2011-02-13,E,E3,9,2
3,2011-02-14,E,E3,10,2
6,2011-02-15,E,E6,11,2
3,2011-02-17,V,V3,13,2
7,2011-02-20,E,E7,16,2
11,2011-02-21,E,E11,17,2
11,2011-02-21,E,E11,17,2
6,2011-02-22,V,V6,18,2
4,2011-03-01,E,E4,25,3
3,2011-03-06,E,E3,1,3
3,2011-03-06,E,E3,1,3
11,2011-03-07,E,E11,2,3
11,2011-03-09,E,E11,4,3
7,2011-03-09,E,E7,4,3
7,2011-03-09,E,E7,4,3
7,2011-03-09,E,E7,4,3
6,2011-03-10,E,E6,5,3
7,2011-03-11,E,E7,6,3
7,2011-03-11,E,E7,6,3
7,2011-03-11,E,E7,6,3
7,2011-03-11,E,E7,6,3
7,2011-03-11,E,E7,6,3
7,2011-03-11,E,E7,6,3
7,2011-03-11,E,E7,6,3
7,2011-03-11,E,E7,6,3
7,2011-03-11,E,E7,6,3
7,2011-03-11,E,E7,6,3
7,2011-03-11,E,E7,6,3
7,2011-03-11,E,E7,6,3
7,2011-03-11,E,E7,6,3
7,2011-03-11,E,E7,6,3
7,2011-03-11,E,E7,6,3
7,2011-03-11,E,E7,6,3
7,2011-03-11,E,E7,6,3
7,2011-03-11,E,E7,6,3
7,2011-03-11,E,E7,6,3
7,2011-03-11,E,E7,6,3
7,2011-03-11,E,E7,6,3
7,2011-03-11,E,E7,6,3
7,2011-03-11,E,E7,6,3
7,2011-03-11,E,E7,6,3
7,2011-03-11,E,E7,6,3
7,2011-03-11,E,E7,6,3
7,2011-03-11,E,E7,6,3
7,2011-03-11,E,E7,6,3
7,2011-03-11,E,E7,6,3
7,2011-03-11,E,E7,6,3
7,2011-03-11,E,E7,6,3
7,2011-03-11,E,E7,6,3
7,2011-03-11,E,E7,6,3
7,2011-03-11,E,E7,6,3
7,2011-03-11,E,E7,6,3
7,2011-03-11,E,E7,6,3
7,2011-03-11,E,E7,6,3
7,2011-03-11,E,E7,6,3
7,2011-03-11,E,E7,6,3
7,2011-03-11,E,E7,6,3
7,2011-03-11,E,E7,6,3
7,2011-03-11,E,E7,6,3
6,2011-03-11,V,V6,6,3
7,2011-03-12,E,E7,7,3
7,2011-03-12,E,E7,7,3
7,2011-03-12,E,E7,7,3
7,2011-03-13,E,E7,8,3
7,2011-03-14,E,E7,9,3
7,2011-03-15,E,E7,10,3
7,2011-03-15,E,E7,10,3
7,2011-03-15,E,E7,10,3
11,2011-03-17,E,E11,12,3
7,2011-03-17,E,E7,12,3
8,2011-03-20,E,E8,15,3
7,2011-03-22,E,E7,17,3
7,2011-03-22,E,E7,17,3
7,2011-03-22,E,E7,17,3
8,2011-03-24,E,E8,19,3
7,2011-03-25,E,E7,20,3
11,2011-03-26,E,E11,21,3
7,2011-03-27,E,E7,22,3
7,2011-03-29,E,E7,24,3
11,2011-03-29,V,V11,24,3
7,2011-03-30,V,V7,25,3
11,2011-03-31,E,E11,26,3
7,2011-03-31,E,E7,26,3
7,2011-04-01,E,E7,27,4
9,2011-04-01,E,E9,27,4
10,2011-04-03,E,E10,29,4
11,2011-04-03,E,E11,29,4
10,2011-04-06,E,E10,2,4
5,2011-04-06,V,V5,2,4
0,2011-04-07,E,E0,3,4
7,2011-04-07,E,E7,3,4
8,2011-04-09,E,E8,5,4
7,2011-04-11,E,E7,7,4
7,2011-04-11,E,E7,7,4
7,2011-04-12,E,E7,8,4
7,2011-04-13,E,E7,9,4
11,2011-04-18,E,E11,14,4
7,2011-04-21,E,E7,17,4
11,2011-04-23,E,E11,19,4
7,2011-04-23,E,E7,19,4
1,2011-04-23,V,V1,19,4
6,2011-04-24,E,E6,20,4
14,2011-04-30,E,E14,26,4
7,2011-05-05,E,E7,1,5
11,2011-05-09,E,E11,5,5
11,2011-05-10,E,E11,6,5
14,2011-05-13,E,E14,9,5
7,2011-05-13,E,E7,9,5
13,2011-05-14,E,E13,10,5
14,2011-05-14,V,V14,10,5
11,2011-05-15,E,E11,11,5
14,2011-05-15,E,E14,11,5
8,2011-05-15,V,V8,11,5
9,2011-05-21,V,V9,17,5
3,2011-06-01,E,E3,28,6
7,2011-06-03,E,E7,1,6
11,2011-06-04,V,V11,2,6
3,2011-06-04,V,V3,2,6
11,2011-06-05,E,E11,3,6
11,2011-06-13,E,E11,11,6
6,2011-06-13,E,E6,11,6
13,2011-06-13,V,V13,11,6
11,2011-06-16,E,E11,14,6
3,2011-06-20,E,E3,18,6
11,2011-06-21,E,E11,19,6
7,2011-06-22,E,E7,20,6
2,2011-06-22,V,V2,20,6
5,2011-06-24,E,E5,22,6
6,2011-06-26,E,E6,24,6
6,2011-06-26,V,V6,24,6
6,2011-07-03,V,V6,1,7
11,2011-07-06,E,E11,4,7
11,2011-07-09,E,E11,7,7
7,2011-07-10,E,E7,8,7
11,2011-07-11,E,E11,9,7
6,2011-07-11,E,E6,9,7
3,2011-07-15,E,E3,13,7
3,2011-07-16,E,E3,14,7
5,2011-07-16,E,E5,14,7
13,2011-07-19,E,E13,17,7
11,2011-07-20,E,E11,18,7
5,2011-07-20,V,V5,18,7
11,2011-07-22,E,E11,20,7
7,2011-07-23,E,E7,21,7
7,2011-07-24,E,E7,22,7
11,2011-07-25,E,E11,23,7
0,2011-07-26,E,E0,24,7
14,2011-07-27,E,E14,25,7
11,2011-07-29,E,E11,27,7
7,2011-07-30,E,E7,28,7
11,2011-07-31,E,E11,0,7
11,2011-07-31,E,E11,0,7
10,2011-07-31,V,V10,0,7
10,2011-08-03,V,V10,3,8
7,2011-08-04,E,E7,4,8
9,2011-08-10,E,E9,10,8
14,2011-08-15,V,V14,15,8
6,2011-08-16,E,E6,16,8
7,2011-08-17,E,E7,17,8
11,2011-08-19,E,E11,19,8
7,2011-08-19,E,E7,19,8
11,2011-08-20,E,E11,20,8
11,2011-08-20,E,E11,20,8
11,2011-08-20,E,E11,20,8
14,2011-08-21,V,V14,21,8
10,2011-08-22,E,E10,22,8
7,2011-08-22,E,E7,22,8
11,2011-08-24,E,E11,24,8
14,2011-08-24,E,E14,24,8
6,2011-08-30,E,E6,0,8
11,2011-09-01,E,E11,2,9
3,2011-09-02,E,E3,3,9
5,2011-09-02,E,E5,3,9
11,2011-09-03,E,E11,4,9
3,2011-09-03,E,E3,4,9
10,2011-09-05,E,E10,6,9
11,2011-09-05,E,E11,6,9
5,2011-09-09,E,E5,10,9
11,2011-09-12,E,E11,13,9
5,2011-09-14,E,E5,15,9
11,2011-09-15,E,E11,16,9
11,2011-09-15,E,E11,16,9
7,2011-09-15,E,E7,16,9
7,2011-09-16,E,E7,17,9
7,2011-09-16,E,E7,17,9
11,2011-09-17,V,V11,18,9
13,2011-09-18,E,E13,19,9
11,2011-09-22,E,E11,23,9
3,2011-10-06,E,E3,8,10
11,2011-10-07,E,E11,9,10
9,2011-10-10,V,V9,12,10
6,2011-10-13,E,E6,15,10
11,2011-10-14,E,E11,16,10
7,2011-10-14,E,E7,16,10
11,2011-10-18,E,E11,20,10
11,2011-10-21,E,E11,23,10
7,2011-10-21,E,E7,23,10
13,2011-10-23,E,E13,25,10
13,2011-10-23,E,E13,25,10
3,2011-10-26,V,V3,28,10
11,2011-10-27,E,E11,0,10
3,2011-10-28,E,E3,1,10
0,2011-11-01,E,E0,5,11
4,2011-11-02,E,E4,6,11
9,2011-11-06,V,V9,10,11
14,2011-11-07,E,E14,11,11
8,2011-11-08,E,E8,12,11
4,2011-11-11,E,E4,15,11
6,2011-11-14,E,E6,18,11
14,2011-11-17,E,E14,21,11
3,2011-11-22,E,E3,26,11
7,2011-11-23,E,E7,27,11
7,2011-11-24,E,E7,28,11
11,2011-11-28,E,E11,2,11
9,2011-11-29,E,E9,3,11
8,2011-11-30,E,E8,4,11
6,2011-12-05,V,V6,9,12
3,2011-12-07,E,E3,11,12
0,2011-12-11,E,E0,15,12
3,2011-12-11,E,E3,15,12
6,2011-12-13,E,E6,17,12
11,2011-12-14,E,E11,18,12
11,2011-12-15,E,E11,19,12
13,2011-12-18,V,V13,22,12
11,2011-12-26,E,E11,1,12
13,2011-12-27,E,E13,2,12
7,2012-01-01,E,E7,7,1
6,2012-01-02,V,V6,8,1
11,2012-01-09,E,E11,15,1
10,2012-01-10,E,E10,16,1
14,2012-01-12,V,V14,18,1
3,2012-01-15,E,E3,21,1
3,2012-01-15,E,E3,21,1
0,2012-01-21,E,E0,27,1
3,2012-01-22,E,E3,28,1
3,2012-01-23,E,E3,29,1
11,2012-01-24,E,E11,0,1
3,2012-01-30,E,E3,6,1
11,2012-02-01,V,V11,8,2
11,2012-02-02,E,E11,9,2
11,2012-02-03,E,E11,10,2
11,2012-02-05,E,E11,12,2
11,2012-02-05,E,E11,12,2
6,2012-02-06,E,E6,13,2
6,2012-02-06,E,E6,13,2
11,2012-02-10,E,E11,17,2
1,2012-02-10,V,V1,17,2
11,2012-02-14,E,E11,21,2
5,2012-02-18,V,V5,25,2
14,2012-02-19,V,V14,26,2
14,2012-02-22,V,V14,0,2
11,2012-02-26,E,E11,4,2
13,2012-02-26,E,E13,4,2
10,2012-03-01,V,V10,8,3
11,2012-03-03,E,E11,10,3
3,2012-03-05,E,E3,12,3
11,2012-03-09,E,E11,16,3
11,2012-03-14,E,E11,21,3
7,2012-03-14,E,E7,21,3
7,2012-03-14,E,E7,21,3
7,2012-03-14,E,E7,21,3
0,2012-03-20,E,E0,27,3
6,2012-03-20,E,E6,27,3
11,2012-03-21,E,E11,28,3
3,2012-03-25,E,E3,2,3
0,2012-03-26,E,E0,3,3
7,2012-03-27,E,E7,4,3
0,2012-04-02,E,E0,10,4
11,2012-04-06,E,E11,14,4
0,2012-04-11,E,E0,19,4
10,2012-04-11,E,E10,19,4
10,2012-04-11,E,E10,19,4
10,2012-04-11,E,E10,19,4
5,2012-04-11,E,E5,19,4
0,2012-04-12,E,E0,20,4
0,2012-04-12,E,E0,20,4
11,2012-04-14,E,E11,22,4
3,2012-04-14,E,E3,22,4
10,2012-04-15,E,E10,23,4
11,2012-04-17,E,E11,25,4
3,2012-04-17,E,E3,25,4
3,2012-04-17,E,E3,25,4
6,2012-04-21,E,E6,29,4
6,2012-04-21,E,E6,29,4
11,2012-04-23,E,E11,1,4
11,2012-04-28,E,E11,6,4
14,2012-05-01,E,E14,9,5
11,2012-05-03,V,V11,11,5
11,2012-05-07,V,V11,15,5
6,2012-05-08,V,V6,16,5
14,2012-05-13,V,V14,21,5
3,2012-05-14,E,E3,22,5
6,2012-05-14,V,V6,22,5
3,2012-05-18,E,E3,26,5
7,2012-05-20,E,E7,28,5
9,2012-05-20,E,E9,28,5
11,2012-05-23,E,E11,2,5
7,2012-05-23,E,E7,2,5
9,2012-05-24,E,E9,3,5
1,2012-05-26,E,E1,5,5
3,2012-05-28,E,E3,7,5
3,2012-06-02,E,E3,12,6
14,2012-06-04,E,E14,14,6
14,2012-06-04,E,E14,14,6
7,2012-06-05,E,E7,15,6
3,2012-06-07,E,E3,17,6
3,2012-06-07,E,E3,17,6
9,2012-06-10,E,E9,20,6
7,2012-06-17,E,E7,27,6
7,2012-06-19,E,E7,29,6
10,2012-06-23,E,E10,3,6
7,2012-06-24,E,E7,4,6
13,2012-06-29,E,E13,9,6
3,2012-06-30,V,V3,10,6
11,2012-07-03,E,E11,13,7
11,2012-07-06,E,E11,16,7
7,2012-07-08,E,E7,18,7
11,2012-07-17,V,V11,27,7
11,2012-07-18,E,E11,28,7
7,2012-07-20,E,E7,0,7
10,2012-07-25,E,E10,5,7
11,2012-07-25,E,E11,5,7
2,2012-07-26,E,E2,6,7
11,2012-07-28,E,E11,8,7
11,2012-08-02,E,E11,13,8
14,2012-08-02,E,E14,13,8
11,2012-08-03,V,V11,14,8
11,2012-08-06,V,V11,17,8
11,2012-08-07,V,V11,18,8
6,2012-08-08,V,V6,19,8
5,2012-08-10,E,E5,21,8
13,2012-08-11,E,E13,22,8
13,2012-08-11,E,E13,22,8
13,2012-08-12,E,E13,23,8
7,2012-08-14,E,E7,25,8
7,2012-08-16,V,V7,27,8
6,2012-08-18,E,E6,0,8
11,2012-08-19,E,E11,1,8
6,2012-08-26,E,E6,8,8
14,2012-08-27,E,E14,9,8
9,2012-08-30,E,E9,12,8
6,2012-08-31,E,E6,13,8
7,2012-09-01,V,V7,14,9
6,2012-09-03,E,E6,16,9
11,2012-09-05,E,E11,18,9
14,2012-09-05,E,E14,18,9
2,2012-09-05,V,V2,18,9
6,2012-09-08,E,E6,21,9
14,2012-09-08,V,V14,21,9
7,2012-09-09,E,E7,22,9
10,2012-09-14,E,E10,27,9
6,2012-09-15,V,V6,28,9
6,2012-09-15,V,V6,28,9
0,2012-09-25,E,E0,8,9
5,2012-09-26,E,E5,9,9
10,2012-09-26,V,V10,9,9
11,2012-09-27,E,E11,10,9
14,2012-09-30,E,E14,13,9
7,2012-10-01,E,E7,14,10
7,2012-10-05,V,V7,18,10
0,2012-10-08,E,E0,21,10
6,2012-10-08,E,E6,21,10
11,2012-10-09,E,E11,22,10
6,2012-10-12,E,E6,25,10
6,2012-10-17,E,E6,1,10
11,2012-10-20,E,E11,4,10
1,2012-10-23,E,E1,7,10
14,2012-10-24,E,E14,8,10
6,2012-10-27,V,V6,11,10
5,2012-10-28,E,E5,12,10
5,2012-10-28,E,E5,12,10
5,2012-10-28,E,E5,12,10
5,2012-10-28,E,E5,12,10
5,2012-10-30,E,E5,14,10
5,2012-10-30,E,E5,14,10
1,2012-10-30,V,V1,14,10
6,2012-11-02,E,E6,17,11
11,2012-11-06,V,V11,21,11
14,2012-11-07,E,E14,22,11
5,2012-11-08,E,E5,23,11
14,2012-11-10,E,E14,25,11
14,2012-11-11,E,E14,26,11
8,2012-11-11,E,E8,26,11
7,2012-11-11,V,V7,26,11
5,2012-11-12,E,E5,27,11
3,2012-11-13,E,E3,28,11
3,2012-11-14,E,E3,0,11
0,2012-11-15,E,E0,1,11
7,2012-11-16,E,E7,2,11
11,2012-11-19,E,E11,5,11
11,2012-11-21,V,V11,7,11
3,2012-11-22,E,E3,8,11
7,2012-11-27,V,V7,13,11
11,2012-11-28,V,V11,14,11
11,2012-11-29,E,E11,15,11
11,2012-12-02,E,E11,18,12
11,2012-12-07,E,E11,23,12
7,2012-12-07,E,E7,23,12
7,2012-12-07,E,E7,23,12
6,2012-12-10,E,E6,26,12
6,2012-12-11,E,E6,27,12
0,2012-12-14,E,E0,0,12
0,2012-12-14,E,E0,0,12
11,2012-12-15,E,E11,1,12
5,2012-12-15,E,E5,1,12
6,2012-12-17,E,E6,3,12
11,2012-12-21,E,E11,7,12
11,2012-12-21,E,E11,7,12
3,2012-12-22,V,V3,8,12
10,2012-12-25,E,E10,11,12
14,2012-12-26,V,V14,12,12
11,2012-12-29,E,E11,15,12
5,2013-01-05,E,E5,22,1
0,2013-01-06,V,V0,23,1
4,2013-01-15,E,E4,3,1
11,2013-01-19,V,V11,7,1
10,2013-01-21,E,E10,9,1
13,2013-01-28,E,E13,16,1
11,2013-01-29,V,V11,17,1
11,2013-01-30,E,E11,18,1
3,2013-01-30,E,E3,18,1
11,2013-01-31,E,E11,19,1
11,2013-02-01,E,E11,20,2
11,2013-02-01,E,E11,20,2
11,2013-02-01,E,E11,20,2
11,2013-02-02,E,E11,21,2
7,2013-02-02,E,E7,21,2
11,2013-02-06,E,E11,25,2
11,2013-02-06,E,E11,25,2
11,2013-02-06,E,E11,25,2
11,2013-02-06,E,E11,25,2
11,2013-02-06,E,E11,25,2
11,2013-02-06,E,E11,25,2
11,2013-02-06,E,E11,25,2
11,2013-02-07,E,E11,26,2
11,2013-02-07,E,E11,26,2
11,2013-02-08,E,E11,27,2
11,2013-02-08,E,E11,27,2
11,2013-02-09,E,E11,28,2
14,2013-02-09,E,E14,28,2
11,2013-02-10,E,E11,29,2
1,2013-02-13,V,V1,2,2
7,2013-02-14,E,E7,3,2
6,2013-02-16,E,E6,5,2
10,2013-02-16,V,V10,5,2
7,2013-02-16,V,V7,5,2
10,2013-02-21,V,V10,10,2
3,2013-02-22,E,E3,11,2
7,2013-02-28,E,E7,17,2
7,2013-03-01,E,E7,18,3
7,2013-03-01,E,E7,18,3
14,2013-03-05,V,V14,22,3
11,2013-03-10,E,E11,27,3
11,2013-03-24,E,E11,12,3
14,2013-03-25,E,E14,13,3
7,2013-04-01,E,E7,20,4
3,2013-04-02,V,V3,21,4
7,2013-04-05,E,E7,24,4
6,2013-04-06,E,E6,25,4
13,2013-04-09,E,E13,28,4
11,2013-04-13,E,E11,2,4
11,2013-04-14,E,E11,3,4
13,2013-04-16,E,E13,5,4
6,2013-04-16,E,E6,5,4
7,2013-04-19,E,E7,8,4
7,2013-04-19,E,E7,8,4
7,2013-04-20,E,E7,9,4
8,2013-04-20,E,E8,9,4
7,2013-04-21,E,E7,10,4
0,2013-04-22,E,E0,11,4
11,2013-04-23,E,E11,12,4
11,2013-04-26,E,E11,15,4
11,2013-04-26,E,E11,15,4
11,2013-05-07,E,E11,26,5
8,2013-05-07,V,V8,26,5
11,2013-05-11,E,E11,0,5
13,2013-05-11,E,E13,0,5
5,2013-05-13,V,V5,2,5
1,2013-05-14,E,E1,3,5
7,2013-05-18,E,E7,7,5
3,2013-05-20,E,E3,9,5
7,2013-05-21,E,E7,10,5
7,2013-05-21,E,E7,10,5
14,2013-05-21,V,V14,10,5
11,2013-05-23,E,E11,12,5
11,2013-05-23,E,E11,12,5
7,2013-05-24,E,E7,13,5
7,2013-05-24,E,E7,13,5
8,2013-06-02,E,E8,22,6
8,2013-06-04,V,V8,24,6
11,2013-06-05,E,E11,25,6
14,2013-06-07,V,V14,27,6
7,2013-06-11,V,V7,2,6
10,2013-06-13,E,E10,4,6
5,2013-06-13,V,V5,4,6
11,2013-06-15,E,E11,6,6
14,2013-06-15,E,E14,6,6
9,2013-06-15,E,E9,6,6
9,2013-06-16,E,E9,7,6
14,2013-06-24,E,E14,15,6
10,2013-07-02,E,E10,23,7
11,2013-07-04,E,E11,25,7
3,2013-07-04,V,V3,25,7
10,2013-07-06,E,E10,27,7
11,2013-07-07,E,E11,28,7
11,2013-07-07,E,E11,28,7
11,2013-07-08,V,V11,29,7
3,2013-07-15,E,E3,6,7
11,2013-07-16,E,E11,7,7
3,2013-07-17,E,E3,8,7
11,2013-07-21,E,E11,12,7
2,2013-07-22,E,E2,13,7
3,2013-07-25,V,V3,16,7
11,2013-07-26,E,E11,17,7
3,2013-07-26,E,E3,17,7
11,2013-08-01,E,E11,23,8
11,2013-08-12,E,E11,5,8
14,2013-08-12,E,E14,5,8
6,2013-08-12,E,E6,5,8
14,2013-08-13,E,E14,6,8
7,2013-08-15,V,V7,8,8
11,2013-08-16,E,E11,9,8
2,2013-08-17,E,E2,10,8
6,2013-08-20,V,V6,13,8
0,2013-08-21,E,E0,14,8
11,2013-08-28,E,E11,21,8
5,2013-08-30,E,E5,23,8
6,2013-09-01,E,E6,25,9
5,2013-09-03,E,E5,27,9
9,2013-09-03,V,V9,27,9
5,2013-09-04,E,E5,28,9
5,2013-09-04,E,E5,28,9
5,2013-09-04,E,E5,28,9
7,2013-09-04,E,E7,28,9
14,2013-09-05,E,E14,29,9
14,2013-09-07,E,E14,1,9
4,2013-09-11,E,E4,5,9
5,2013-09-15,E,E5,9,9
10,2013-09-15,V,V10,9,9
6,2013-09-21,E,E6,15,9
13,2013-09-24,E,E13,18,9
3,2013-09-25,E,E3,19,9
13,2013-09-28,E,E13,22,9
13,2013-09-28,V,V13,22,9
11,2013-09-30,E,E11,24,9
7,2013-10-01,E,E7,25,10
2,2013-10-04,E,E2,28,10
10,2013-10-05,V,V10,29,10
1,2013-10-06,E,E1,0,10
4,2013-10-06,E,E4,0,10
11,2013-10-11,E,E11,5,10
14,2013-10-12,E,E14,6,10
9,2013-10-12,E,E9,6,10
10,2013-10-12,V,V10,6,10
6,2013-10-15,E,E6,9,10
11,2013-10-16,E,E11,10,10
0,2013-10-19,E,E0,13,10
7,2013-10-23,V,V7,17,10
3,2013-10-24,E,E3,18,10
7,2013-10-25,E,E7,19,10
11,2013-10-29,E,E11,23,10
3,2013-10-30,E,E3,24,10
3,2013-10-31,E,E3,25,10
8,2013-10-31,E,E8,25,10
11,2013-11-02,E,E11,27,11
4,2013-11-02,E,E4,27,11
7,2013-11-12,E,E7,8,11
3,2013-11-13,E,E3,9,11
3,2013-11-16,E,E3,12,11
3,2013-11-17,E,E3,13,11
10,2013-11-18,V,V10,14,11
1,2013-11-19,E,E1,15,11
6,2013-11-19,E,E6,15,11
1,2013-11-20,V,V1,16,11
11,2013-11-23,E,E11,19,11
3,2013-11-25,E,E3,21,11
10,2013-12-01,E,E10,27,12
6,2013-12-01,E,E6,27,12
7,2013-12-08,E,E7,4,12
1,2013-12-17,E,E1,13,12
5,2013-12-28,V,V5,24,12
14,2013-12-29,V,V14,25,12
11,2014-01-01,E,E11,28,1
6,2014-01-04,V,V6,2,1
14,2014-01-13,E,E14,11,1
8,2014-01-13,V,V8,11,1
11,2014-01-20,E,E11,18,1
10,2014-01-25,E,E10,23,1
9,2014-01-26,E,E9,24,1
11,2014-01-29,V,V11,27,1
3,2014-02-01,E,E3,1,2
11,2014-02-02,E,E11,2,2
9,2014-02-03,E,E9,3,2
10,2014-02-03,V,V10,3,2
14,2014-02-04,V,V14,4,2
11,2014-02-07,E,E11,7,2
5,2014-02-07,V,V5,7,2
11,2014-02-09,E,E11,9,2
6,2014-02-09,V,V6,9,2
13,2014-02-12,E,E13,12,2
10,2014-02-13,V,V10,13,2
14,2014-02-18,E,E14,18,2
5,2014-02-26,E,E5,26,2
14,2014-03-02,E,E14,0,3
14,2014-03-02,E,E14,0,3
8,2014-03-02,E,E8,0,3
11,2014-03-05,E,E11,3,3
10,2014-03-08,V,V10,6,3
10,2014-03-09,V,V10,7,3
0,2014-03-10,E,E0,8,3
11,2014-03-11,E,E11,9,3
3,2014-03-11,E,E3,9,3
7,2014-03-13,E,E7,11,3
14,2014-03-15,E,E14,13,3
3,2014-03-15,E,E3,13,3
3,2014-03-16,E,E3,14,3
3,2014-03-17,E,E3,15,3
10,2014-03-21,E,E10,19,3
3,2014-03-22,E,E3,20,3
3,2014-03-23,E,E3,21,3
11,2014-03-26,E,E11,24,3
11,2014-03-26,V,V11,24,3
10,2014-03-31,V,V10,0,3
3,2014-04-01,E,E3,1,4
3,2014-04-01,E,E3,1,4
14,2014-04-02,E,E14,2,4
3,2014-04-03,E,E3,3,4
3,2014-04-03,E,E3,3,4
3,2014-04-03,E,E3,3,4
11,2014-04-04,E,E11,4,4
3,2014-04-04,E,E3,4,4
14,2014-04-10,E,E14,10,4
11,2014-04-11,E,E11,11,4
11,2014-04-11,E,E11,11,4
14,2014-04-11,E,E14,11,4
3,2014-04-11,E,E3,11,4
11,2014-04-12,E,E11,12,4
11,2014-04-12,E,E11,12,4
11,2014-04-13,E,E11,13,4
11,2014-04-13,E,E11,13,4
2,2014-04-15,E,E2,15,4
11,2014-04-17,E,E11,17,4
0,2014-04-18,E,E0,18,4
11,2014-04-18,E,E11,18,4
11,2014-04-19,E,E11,19,4
11,2014-04-19,E,E11,19,4
11,2014-04-20,E,E11,20,4
5,2014-04-24,E,E5,24,4
1,2014-04-24,V,V1,24,4
11,2014-04-26,E,E11,26,4
11,2014-05-01,E,E11,1,5
11,2014-05-04,E,E11,4,5
11,2014-05-04,E,E11,4,5
7,2014-05-04,E,E7,4,5
8,2014-05-05,E,E8,5,5
4,2014-05-06,E,E4,6,5
11,2014-05-07,E,E11,7,5
0,2014-05-08,E,E0,8,5
0,2014-05-10,E,E0,10,5
4,2014-05-12,E,E4,12,5
14,2014-05-13,E,E14,13,5
1,2014-05-14,E,E1,14,5
1,2014-05-15,E,E1,15,5
6,2014-05-15,E,E6,15,5
10,2014-05-18,E,E10,18,5
10,2014-05-21,E,E10,21,5
9,2014-05-24,E,E9,24,5
6,2014-05-30,V,V6,1,5
9,2014-05-30,V,V9,1,5
0,2014-05-31,E,E0,2,5
5,2014-05-31,V,V5,2,5
7,2014-06-06,V,V7,8,6
6,2014-06-08,V,V6,10,6
10,2014-06-14,E,E10,16,6
11,2014-06-19,E,E11,21,6
2,2014-06-21,V,V2,23,6
11,2014-06-23,E,E11,25,6
11,2014-06-23,E,E11,25,6
11,2014-06-23,E,E11,25,6
5,2014-06-23,E,E5,25,6
5,2014-06-23,E,E5,25,6
5,2014-06-23,E,E5,25,6
5,2014-06-23,E,E5,25,6
5,2014-06-24,E,E5,26,6
1,2014-06-29,E,E1,1,6
11,2014-06-29,E,E11,1,6
11,2014-06-29,E,E11,1,6
3,2014-06-29,E,E3,1,6
3,2014-06-29,E,E3,1,6
1,2014-06-30,E,E1,2,6
11,2014-07-02,E,E11,4,7
11,2014-07-03,E,E11,5,7
11,2014-07-04,E,E11,6,7
3,2014-07-04,V,V3,6,7
10,2014-07-05,E,E10,7,7
14,2014-07-07,E,E14,9,7
11,2014-07-07,V,V11,9,7
11,2014-07-08,E,E11,10,7
7,2014-07-11,E,E7,13,7
6,2014-07-14,E,E6,16,7
5,2014-07-17,E,E5,19,7
11,2014-07-19,E,E11,21,7
13,2014-07-19,E,E13,21,7
7,2014-07-20,E,E7,22,7
11,2014-07-21,E,E11,23,7
5,2014-07-25,E,E5,27,7
14,2014-07-27,E,E14,0,7
0,2014-07-29,E,E0,2,7
11,2014-07-29,E,E11,2,7
11,2014-08-03,E,E11,7,8
8,2014-08-03,E,E8,7,8
8,2014-08-03,V,V8,7,8
6,2014-08-06,E,E6,10,8
7,2014-08-10,E,E7,14,8
3,2014-08-13,V,V3,17,8
8,2014-08-13,V,V8,17,8
13,2014-08-18,E,E13,22,8
13,2014-08-18,E,E13,22,8
3,2014-08-23,E,E3,27,8
0,2014-08-24,E,E0,28,8
3,2014-08-24,E,E3,28,8
9,2014-08-29,V,V9,3,8
8,2014-08-30,V,V8,4,8
11,2014-09-04,E,E11,9,9
0,2014-09-06,E,E0,11,9
4,2014-09-06,E,E4,11,9
11,2014-09-06,V,V11,11,9
6,2014-09-10,E,E6,15,9
1,2014-09-17,E,E1,22,9
14,2014-09-17,V,V14,22,9
3,2014-09-24,E,E3,29,9
11,2014-09-25,E,E11,0,9
5,2014-09-25,E,E5,0,9
7,2014-09-27,V,V7,2,9
11,2014-10-01,E,E11,6,10
6,2014-10-06,V,V6,11,10
8,2014-10-07,E,E8,12,10
0,2014-10-08,E,E0,13,10
4,2014-10-09,E,E4,14,10
4,2014-10-09,E,E4,14,10
7,2014-10-11,E,E7,16,10
14,2014-10-14,E,E14,19,10
11,2014-10-28,E,E11,4,10
14,2014-10-29,V,V14,5,10
11,2014-11-01,E,E11,8,11
4,2014-11-01,E,E4,8,11
11,2014-11-02,E,E11,9,11
2,2014-11-03,E,E2,10,11
11,2014-11-07,E,E11,14,11
7,2014-11-11,V,V7,18,11
5,2014-11-12,V,V5,19,11
11,2014-11-13,E,E11,20,11
6,2014-11-15,E,E6,22,11
11,2014-11-16,E,E11,23,11
2,2014-11-17,E,E2,24,11
6,2014-11-21,E,E6,28,11
7,2014-11-22,E,E7,29,11
9,2014-11-23,V,V9,0,11
6,2014-11-26,E,E6,3,11
6,2014-12-02,E,E6,9,12
3,2014-12-02,V,V3,9,12
14,2014-12-06,E,E14,13,12
6,2014-12-06,E,E6,13,12
11,2014-12-07,E,E11,14,12
14,2014-12-07,E,E14,14,12
14,2014-12-08,E,E14,15,12
8,2014-12-10,E,E8,17,12
14,2014-12-15,V,V14,22,12
6,2014-12-18,V,V6,25,12
11,2014-12-19,V,V11,26,12
6,2014-12-21,E,E6,28,12
6,2014-12-29,E,E6,6,12
11,2014-12-30,E,E11,7,12
7,2015-01-01,V,V7,9,1
6,2015-01-06,V,V6,14,1
14,2015-01-07,E,E14,15,1
7,2015-01-19,V,V7,27,1
11,2015-01-23,E,E11,2,1
14,2015-01-26,V,V14,5,1
11,2015-01-28,E,E11,7,1
11,2015-01-30,E,E11,9,1
6,2015-02-01,V,V6,11,2
3,2015-02-02,E,E3,12,2
2,2015-02-04,V,V2,14,2
3,2015-02-11,E,E3,21,2
8,2015-02-13,E,E8,23,2
9,2015-02-13,E,E9,23,2
3,2015-02-16,E,E3,26,2
7,2015-02-16,E,E7,26,2
7,2015-02-16,V,V7,26,2
11,2015-02-18,E,E11,28,2
11,2015-02-19,E,E11,0,2
7,2015-02-20,E,E7,1,2
7,2015-02-21,E,E7,2,2
0,2015-02-22,E,E0,3,2
6,2015-02-27,E,E6,8,2
10,2015-03-03,E,E10,12,3
14,2015-03-08,V,V14,17,3
14,2015-03-10,E,E14,19,3
6,2015-03-15,E,E6,24,3
6,2015-03-17,E,E6,26,3
3,2015-03-17,V,V3,26,3
3,2015-03-18,E,E3,27,3
3,2015-03-23,E,E3,2,3
11,2015-03-29,E,E11,8,3
11,2015-03-30,E,E11,9,3
11,2015-03-30,E,E11,9,3
14,2015-04-06,V,V14,16,4
11,2015-04-07,E,E11,17,4
9,2015-04-16,E,E9,26,4
11,2015-04-17,E,E11,27,4
8,2015-04-20,E,E8,1,4
8,2015-04-20,E,E8,1,4
8,2015-04-20,E,E8,1,4
11,2015-04-22,E,E11,3,4
14,2015-04-22,V,V14,3,4
3,2015-04-22,V,V3,3,4
5,2015-04-23,V,V5,4,4
11,2015-04-24,E,E11,5,4
5,2015-04-24,E,E5,5,4
13,2015-04-25,E,E13,6,4
13,2015-04-25,E,E13,6,4
13,2015-04-25,E,E13,6,4
13,2015-04-26,E,E13,7,4
11,2015-04-28,E,E11,9,4
11,2015-04-30,E,E11,11,4
11,2015-05-01,E,E11,12,5
11,2015-05-01,E,E11,12,5
6,2015-05-01,V,V6,12,5
11,2015-05-03,E,E11,14,5
11,2015-05-05,E,E11,16,5
11,2015-05-07,E,E11,18,5
7,2015-05-10,E,E7,21,5
14,2015-05-11,V,V14,22,5
13,2015-05-12,E,E13,23,5
13,2015-05-12,E,E13,23,5
7,2015-05-12,E,E7,23,5
10,2015-05-15,E,E10,26,5
4,2015-05-19,E,E4,0,5
11,2015-05-20,E,E11,1,5
11,2015-05-20,E,E11,1,5
6,2015-05-20,V,V6,1,5
11,2015-05-22,E,E11,3,5
11,2015-05-22,E,E11,3,5
11,2015-05-24,E,E11,5,5
3,2015-05-24,E,E3,5,5
14,2015-05-25,V,V14,6,5
5,2015-05-29,E,E5,10,5
8,2015-05-29,V,V8,10,5
1,2015-05-30,E,E1,11,5
11,2015-05-30,E,E11,11,5
7,2015-05-30,E,E7,11,5
6,2015-06-04,E,E6,16,6
14,2015-06-06,V,V14,18,6
7,2015-06-08,E,E7,20,6
3,2015-06-10,E,E3,22,6
11,2015-06-12,E,E11,24,6
5,2015-06-14,V,V5,26,6
7,2015-06-16,V,V7,28,6
3,2015-06-17,E,E3,0,6
3,2015-06-20,E,E3,3,6
11,2015-06-21,E,E11,4,6
1,2015-06-23,E,E1,6,6
11,2015-06-25,E,E11,8,6
7,2015-06-29,V,V7,12,6
11,2015-06-30,E,E11,13,6
11,2015-07-01,E,E11,14,7
13,2015-07-03,E,E13,16,7
6,2015-07-03,E,E6,16,7
7,2015-07-07,E,E7,20,7
6,2015-07-07,V,V6,20,7
3,2015-07-09,V,V3,22,7
11,2015-07-10,E,E11,23,7
14,2015-07-16,E,E14,29,7
6,2015-07-16,V,V6,29,7
11,2015-07-18,E,E11,1,7
14,2015-07-23,V,V14,6,7
5,2015-07-27,E,E5,10,7
6,2015-07-27,E,E6,10,7
5,2015-07-29,E,E5,12,7
11,2015-08-06,E,E11,20,8
11,2015-08-10,E,E11,24,8
11,2015-08-12,E,E11,26,8
2,2015-08-13,E,E2,27,8
11,2015-08-15,E,E11,0,8
14,2015-08-15,V,V14,0,8
7,2015-08-28,V,V7,13,8
6,2015-08-30,V,V6,15,8
7,2015-09-01,E,E7,17,9
8,2015-09-03,V,V8,19,9
11,2015-09-07,E,E11,23,9
5,2015-09-10,E,E5,26,9
0,2015-09-13,E,E0,29,9
11,2015-09-16,E,E11,2,9
3,2015-09-16,E,E3,2,9
3,2015-09-16,E,E3,2,9
3,2015-09-16,E,E3,2,9
3,2015-09-16,E,E3,2,9
3,2015-09-16,E,E3,2,9
6,2015-09-16,E,E6,2,9
3,2015-09-17,E,E3,3,9
3,2015-09-17,E,E3,3,9
3,2015-09-17,E,E3,3,9
14,2015-09-18,E,E14,4,9
3,2015-09-18,E,E3,4,9
3,2015-09-19,E,E3,5,9
3,2015-09-19,E,E3,5,9
3,2015-09-21,E,E3,7,9
3,2015-09-21,E,E3,7,9
3,2015-09-22,E,E3,8,9
14,2015-09-23,V,V14,9,9
6,2015-09-24,E,E6,10,9
3,2015-09-26,E,E3,12,9
3,2015-09-30,V,V3,16,9
7,2015-10-02,V,V7,18,10
3,2015-10-06,V,V3,22,10
4,2015-10-11,E,E4,27,10
7,2015-10-14,E,E7,0,10
14,2015-10-17,V,V14,3,10
11,2015-10-18,E,E11,4,10
11,2015-10-20,E,E11,6,10
2,2015-10-23,E,E2,9,10
2,2015-10-23,E,E2,9,10
14,2015-10-23,V,V14,9,10
6,2015-10-25,V,V6,11,10
13,2015-10-26,E,E13,12,10
3,2015-10-30,V,V3,16,10
6,2015-11-04,E,E6,21,11
3,2015-11-07,E,E3,24,11
3,2015-11-07,E,E3,24,11
10,2015-11-08,E,E10,25,11
5,2015-11-09,E,E5,26,11
3,2015-11-11,E,E3,28,11
3,2015-11-11,E,E3,28,11
10,2015-11-12,V,V10,0,11
8,2015-11-13,E,E8,1,11
10,2015-11-14,V,V10,2,11
9,2015-11-17,E,E9,5,11
11,2015-11-18,E,E11,6,11
6,2015-11-21,E,E6,9,11
1,2015-11-24,E,E1,12,11
3,2015-11-24,E,E3,12,11
3,2015-11-24,E,E3,12,11
6,2015-11-24,V,V6,12,11
3,2015-11-26,E,E3,14,11
3,2015-11-27,E,E3,15,11
14,2015-12-01,V,V14,19,12
9,2015-12-02,V,V9,20,12
2,2015-12-04,E,E2,22,12
13,2015-12-07,E,E13,25,12
11,2015-12-09,E,E11,27,12
6,2015-12-09,E,E6,27,12
14,2015-12-11,V,V14,29,12
0,2015-12-17,E,E0,5,12
11,2015-12-19,E,E11,7,12
6,2015-12-20,E,E6,8,12
4,2015-12-24,E,E4,12,12
13,2015-12-25,E,E13,13,12
11,2016-01-01,E,E11,20,1
6,2016-01-02,V,V6,21,1
13,2016-01-03,E,E13,22,1
4,2016-01-05,E,E4,24,1
3,2016-01-08,V,V3,27,1
6,2016-01-11,E,E6,0,1
7,2016-01-11,E,E7,0,1
14,2016-01-12,V,V14,1,1
3,2016-01-14,E,E3,3,1
7,2016-01-14,E,E7,3,1
0,2016-01-21,E,E0,10,1
5,2016-01-24,E,E5,13,1
9,2016-01-25,E,E9,14,1
7,2016-01-30,E,E7,19,1
11,2016-01-31,E,E11,20,1
11,2016-02-01,E,E11,21,2
14,2016-02-02,V,V14,22,2
8,2016-02-05,E,E8,25,2
11,2016-02-08,E,E11,28,2
3,2016-02-10,E,E3,1,2
6,2016-02-12,E,E6,3,2
11,2016-02-15,E,E11,6,2
4,2016-02-16,E,E4,7,2
6,2016-02-17,E,E6,8,2
7,2016-02-21,V,V7,12,2
6,2016-02-22,V,V6,13,2
11,2016-02-27,E,E11,18,2
10,2016-03-02,E,E10,22,3
11,2016-03-03,V,V11,23,3
11,2016-03-04,V,V11,24,3
8,2016-03-04,V,V8,24,3
5,2016-03-12,E,E5,2,3
14,2016-03-19,E,E14,9,3
5,2016-03-19,E,E5,9,3
7,2016-03-20,E,E7,10,3
5,2016-03-27,V,V5,17,3
7,2016-03-29,V,V7,19,3
10,2016-03-31,V,V10,21,3
11,2016-04-01,E,E11,22,4
5,2016-04-02,E,E5,23,4
11,2016-04-02,V,V11,23,4
11,2016-04-03,E,E11,24,4
3,2016-04-03,V,V3,24,4
10,2016-04-06,E,E10,27,4
11,2016-04-06,E,E11,27,4
11,2016-04-07,E,E11,28,4
13,2016-04-10,E,E13,2,4
6,2016-04-13,E,E6,5,4
8,2016-04-13,E,E8,5,4
11,2016-04-14,E,E11,6,4
8,2016-04-14,E,E8,6,4
8,2016-04-14,E,E8,6,4
14,2016-04-15,E,E14,7,4
8,2016-04-15,E,E8,7,4
14,2016-04-16,E,E14,8,4
5,2016-04-16,V,V5,8,4
3,2016-04-19,E,E3,11,4
14,2016-04-20,E,E14,12,4
14,2016-04-20,E,E14,12,4
14,2016-04-22,E,E14,14,4
14,2016-04-22,V,V14,14,4
3,2016-04-24,V,V3,16,4
0,2016-04-27,E,E0,19,4
11,2016-04-27,V,V11,19,4
11,2016-04-28,E,E11,20,4
0,2016-04-29,E,E0,21,4
14,2016-05-18,E,E14,11,5
14,2016-05-18,E,E14,11,5
6,2016-05-20,E,E6,13,5
11,2016-05-27,E,E11,20,5
11,2016-05-28,E,E11,21,5
3,2016-05-28,E,E3,21,5
8,2016-05-31,E,E8,24,5
10,2016-06-01,E,E10,25,6
6,2016-06-05,E,E6,29,6
11,2016-06-06,E,E11,0,6
0,2016-06-07,E,E0,1,6
6,2016-06-07,E,E6,1,6
6,2016-06-09,E,E6,3,6
11,2016-06-10,E,E11,4,6
14,2016-06-10,E,E14,4,6
11,2016-06-14,E,E11,8,6
11,2016-06-19,E,E11,13,6
11,2016-06-20,E,E11,14,6
11,2016-06-21,E,E11,15,6
14,2016-06-21,E,E14,15,6
13,2016-06-26,E,E13,20,6
