cluster,depth,startdate,type,sequence,seqdep,phase
6,33.0,2001-01-01,E,E6,E6,0
6,33.0,2001-01-01,E,E6,E6,0
11,33.0,2001-01-02,E,E11,E11,0
6,33.0,2001-01-02,E,E6,E6,0
8,,2001-01-08,V,V8,V8,1
11,103.0,2001-01-09,E,E11,E11D,1
5,36.38,2001-01-10,E,E5,E5,1
5,10.0,2001-01-11,E,E5,E5,2
6,,2001-01-11,V,V6,V6,2
7,,2001-01-11,V,V7,V7,2
14,60.0,2001-01-13,E,E14,E14,2
2,10.0,2001-01-15,E,E2,E2,2
10,33.0,2001-01-16,E,E10,E10,2
10,28.0,2001-01-16,E,E10,E10,2
11,,2001-01-16,V,V11,V11,2
14,,2001-01-17,V,V14,V14,2
0,93.2,2001-01-19,E,E0,E0D,3
11,50.0,2001-01-19,E,E11,E11,3
3,33.0,2001-01-19,E,E3,E3,3
13,16.0,2001-01-26,E,E13,E13,0
6,33.0,2001-01-29,E,E6,E6,0
5,33.0,2001-02-01,E,E5,E5,0
5,,2001-02-02,V,V5,V5,1
9,,2001-02-06,V,V9,V9,1
10,36.0,2001-02-13,E,E10,E10,2
14,10.0,2001-02-13,E,E14,E14,2
11,10.0,2001-02-14,E,E11,E11,2
11,10.0,2001-02-14,E,E11,E11,2
6,521.0,2001-02-16,E,E6,E6DD,2
5,20.0,2001-02-17,E,E5,E5,2
2,10.0,2001-02-18,E,E2,E2,3
11,,2001-02-19,V,V11,V11,3
6,35.0,2001-02-24,E,E6,E6,0
6,33.0,2001-02-24,E,E6,E6,0
13,202.5,2001-02-25,E,E13,E13D,0
7,392.0,2001-02-26,E,E7,E7DD,0
11,10.0,2001-02-28,E,E11,E11,0
11,10.0,2001-02-28,E,E11,E11,0
12,51.9,2001-02-28,E,E12,E12,0
14,65.3,2001-02-28,E,E14,E14,0
11,10.0,2001-03-06,E,E11,E11,1
9,10.0,2001-03-07,E,E9,E9,1
6,109.4,2001-03-14,E,E6,E6D,2
10,33.0,2001-03-15,E,E10,E10,2
3,37.0,2001-03-15,E,E3,E3,2
6,33.0,2001-03-19,E,E6,E6,2
7,33.0,2001-03-23,E,E7,E7,3
7,50.0,2001-03-24,E,E7,E7,3
2,,2001-03-27,V,V2,V2,0
6,33.0,2001-04-04,E,E6,E6,1
11,33.0,2001-04-07,E,E11,E11,1
3,11.0,2001-04-09,E,E3,E3,1
3,26.0,2001-04-13,E,E3,E3,2
10,,2001-04-13,V,V10,V10,2
7,10.0,2001-04-14,E,E7,E7,2
11,20.0,2001-04-19,E,E11,E11,3
11,17.0,2001-04-19,E,E11,E11,3
11,12.0,2001-04-19,E,E11,E11,3
14,,2001-04-23,V,V14,V14,3
1,,2001-04-24,V,V1,V1,0
7,86.0,2001-04-26,E,E7,E7D,0
11,351.8,2001-04-28,E,E11,E11DD,0
0,10.0,2001-04-29,E,E0,E0,0
2,,2001-05-03,V,V2,V2,1
4,10.0,2001-05-07,E,E4,E4,1
11,67.9,2001-05-09,E,E11,E11,1
14,,2001-05-11,V,V14,V14,2
10,,2001-05-12,V,V10,V10,2
11,368.7,2001-05-19,E,E11,E11DD,3
0,33.0,2001-05-20,E,E0,E0,3
10,143.1,2001-05-25,E,E10,E10D,0
7,33.0,2001-05-25,E,E7,E7,0
11,406.5,2001-05-26,E,E11,E11DD,0
6,33.0,2001-05-28,E,E6,E6,0
6,,2001-05-28,V,V6,V6,0
11,14.0,2001-05-29,E,E11,E11,0
11,178.1,2001-06-03,E,E11,E11D,1
11,10.0,2001-06-05,E,E11,E11,1
11,10.0,2001-06-05,E,E11,E11,1
11,,2001-06-08,V,V11,V11,1
2,,2001-06-11,V,V2,V2,2
5,18.0,2001-06-14,E,E5,E5,2
11,,2001-06-14,V,V11,V11,2
1,33.0,2001-06-15,E,E1,E1,2
13,10.0,2001-06-15,E,E13,E13,2
11,10.0,2001-06-16,E,E11,E11,2
3,146.6,2001-06-19,E,E3,E3D,3
3,33.0,2001-06-23,E,E3,E3,0
3,33.0,2001-06-23,E,E3,E3,0
7,33.0,2001-06-24,E,E7,E7,0
3,24.0,2001-06-26,E,E3,E3,0
4,10.0,2001-06-26,E,E4,E4,0
3,273.9,2001-06-29,E,E3,E3D,0
11,28.0,2001-07-01,E,E11,E11,1
1,290.0,2001-07-03,E,E1,E1D,1
11,184.6,2001-07-04,E,E11,E11D,1
3,33.0,2001-07-04,E,E3,E3,1
3,62.0,2001-07-05,E,E3,E3,1
3,33.0,2001-07-07,E,E3,E3,1
11,10.0,2001-07-08,E,E11,E11,2
9,,2001-07-17,V,V9,V9,3
10,,2001-07-21,V,V10,V10,0
6,33.0,2001-07-22,E,E6,E6,0
7,,2001-07-23,V,V7,V7,0
3,33.0,2001-07-24,E,E3,E3,0
9,10.0,2001-07-26,E,E9,E9,0
5,131.85,2001-07-28,E,E5,E5D,0
7,14.0,2001-08-02,E,E7,E7,1
4,10.0,2001-08-06,E,E4,E4,2
7,38.0,2001-08-13,E,E7,E7,2
11,33.0,2001-08-21,E,E11,E11,0
11,10.0,2001-08-23,E,E11,E11,0
14,24.5,2001-08-25,E,E14,E14,0
6,33.0,2001-08-27,E,E6,E6,0
11,,2001-08-28,V,V11,V11,1
3,,2001-09-01,V,V3,V3,1
10,10.0,2001-09-02,E,E10,E10,1
4,10.0,2001-09-02,E,E4,E4,1
6,33.0,2001-09-11,E,E6,E6,2
11,608.1,2001-09-12,E,E11,E11DD,2
5,10.0,2001-09-14,E,E5,E5,3
11,10.0,2001-09-15,E,E11,E11,3
6,131.8,2001-09-18,E,E6,E6D,0
1,,2001-09-21,V,V1,V1,0
10,,2001-09-25,V,V10,V10,0
11,,2001-09-27,V,V11,V11,1
11,33.0,2001-09-29,E,E11,E11,1
11,33.0,2001-09-30,E,E11,E11,1
3,,2001-10-01,V,V3,V3,1
11,106.9,2001-10-02,E,E11,E11D,1
7,,2001-10-05,V,V7,V7,2
6,10.0,2001-10-07,E,E6,E6,2
7,48.5,2001-10-08,E,E7,E7,2
7,33.0,2001-10-08,E,E7,E7,2
1,37.0,2001-10-12,E,E1,E1,3
5,20.0,2001-10-12,E,E5,E5,3
6,33.0,2001-10-13,E,E6,E6,3
14,33.0,2001-10-17,E,E14,E14,0
6,33.0,2001-10-19,E,E6,E6,0
11,18.0,2001-10-21,E,E11,E11,0
11,33.0,2001-10-26,E,E11,E11,1
11,33.0,2001-10-31,E,E11,E11,1
14,,2001-10-31,V,V14,V14,1
11,564.1,2001-11-05,E,E11,E11DD,2
14,10.0,2001-11-09,E,E14,E14,2
0,33.0,2001-11-13,E,E0,E0,3
7,33.0,2001-11-13,E,E7,E7,3
7,33.0,2001-11-13,E,E7,E7,3
13,10.0,2001-11-14,E,E13,E13,3
9,10.0,2001-11-15,E,E9,E9,3
7,,2001-11-15,V,V7,V7,3
6,33.0,2001-11-20,E,E6,E6,0
11,10.0,2001-11-22,E,E11,E11,0
11,10.0,2001-11-22,E,E11,E11,0
13,106.5,2001-11-23,E,E13,E13D,0
3,,2001-11-24,V,V3,V3,1
14,,2001-11-26,V,V14,V14,1
11,10.0,2001-11-27,E,E11,E11,1
0,84.9,2001-11-28,E,E0,E0D,1
9,,2001-12-01,V,V9,V9,1
11,100.5,2001-12-02,E,E11,E11D,2
7,123.8,2001-12-02,E,E7,E7D,2
11,10.0,2001-12-03,E,E11,E11,2
14,,2001-12-04,V,V14,V14,2
8,33.0,2001-12-08,E,E8,E8,2
6,156.3,2001-12-09,E,E6,E6D,2
7,,2001-12-10,V,V7,V7,3
11,33.0,2001-12-12,E,E11,E11,3
6,10.0,2001-12-12,E,E6,E6,3
8,14.0,2001-12-18,E,E8,E8,0
11,74.2,2001-12-22,E,E11,E11D,0
11,16.0,2001-12-23,E,E11,E11,1
11,153.2,2001-12-27,E,E11,E11D,1
14,160.6,2001-12-28,E,E14,E14D,1
4,10.0,2002-01-01,E,E4,E4,2
6,138.1,2002-01-01,E,E6,E6D,2
11,665.8,2002-01-02,E,E11,E11DD,2
11,21.0,2002-01-02,E,E11,E11,2
11,10.0,2002-01-03,E,E11,E11,2
13,129.3,2002-01-03,E,E13,E13D,2
14,,2002-01-04,V,V14,V14,2
2,,2002-01-05,V,V2,V2,2
6,11.0,2002-01-10,E,E6,E6,3
11,43.6,2002-01-13,E,E11,E11,3
11,,2002-01-13,V,V11,V11,3
10,10.0,2002-01-15,E,E10,E10,0
11,10.0,2002-01-15,E,E11,E11,0
11,41.1,2002-01-15,E,E11,E11,0
0,80.2,2002-01-16,E,E0,E0D,0
14,,2002-01-16,V,V14,V14,0
9,,2002-01-17,V,V9,V9,0
9,88.0,2002-01-22,E,E9,E9D,1
7,,2002-01-25,V,V7,V7,1
11,33.0,2002-01-28,E,E11,E11,1
7,33.0,2002-01-28,E,E7,E7,1
11,33.0,2002-01-30,E,E11,E11,2
9,5.0,2002-02-03,E,E9,E9,2
9,10.0,2002-02-03,E,E9,E9,2
11,39.0,2002-02-05,E,E11,E11,2
6,,2002-02-09,V,V6,V6,3
4,10.0,2002-02-15,E,E4,E4,0
11,10.0,2002-02-19,E,E11,E11,0
11,40.2,2002-02-28,E,E11,E11,1
11,,2002-03-01,V,V11,V11,2
13,209.0,2002-03-03,E,E13,E13D,2
13,225.6,2002-03-03,E,E13,E13D,2
6,31.0,2002-03-05,E,E6,E6,2
6,23.3,2002-03-08,E,E6,E6,2
3,118.4,2002-03-09,E,E3,E3D,3
2,10.0,2002-03-17,E,E2,E2,0
6,148.1,2002-03-19,E,E6,E6D,0
13,8.0,2002-03-25,E,E13,E13,1
8,33.0,2002-03-26,E,E8,E8,1
3,125.1,2002-03-28,E,E3,E3D,1
8,32.8,2002-03-31,E,E8,E8,2
11,,2002-04-01,V,V11,V11,2
14,,2002-04-01,V,V14,V14,2
11,10.0,2002-04-07,E,E11,E11,2
11,10.0,2002-04-08,E,E11,E11,3
7,,2002-04-09,V,V7,V7,3
11,10.0,2002-04-11,E,E11,E11,3
0,24.9,2002-04-18,E,E0,E0,0
3,62.0,2002-04-18,E,E3,E3,0
11,33.0,2002-04-20,E,E11,E11,0
4,10.0,2002-04-24,E,E4,E4,1
1,85.7,2002-04-26,E,E1,E1D,1
11,130.8,2002-05-08,E,E11,E11D,3
8,,2002-05-11,V,V8,V8,3
2,10.0,2002-05-14,E,E2,E2,0
8,10.0,2002-05-15,E,E8,E8,0
9,,2002-05-17,V,V9,V9,0
3,52.1,2002-05-23,E,E3,E3,1
11,,2002-05-24,V,V11,V11,1
5,33.0,2002-05-25,E,E5,E5,1
11,,2002-05-25,V,V11,V11,1
3,22.2,2002-05-28,E,E3,E3,1
8,33.0,2002-05-28,E,E8,E8,1
14,,2002-05-29,V,V14,V14,2
14,,2002-05-30,V,V14,V14,2
6,,2002-06-01,V,V6,V6,2
11,10.0,2002-06-06,E,E11,E11,3
14,,2002-06-07,V,V14,V14,3
1,33.0,2002-06-10,E,E1,E1,3
2,10.0,2002-06-13,E,E2,E2,0
14,35.0,2002-06-16,E,E14,E14,0
11,33.0,2002-06-17,E,E11,E11,0
4,10.0,2002-06-17,E,E4,E4,0
3,54.0,2002-06-18,E,E3,E3,0
11,33.0,2002-06-21,E,E11,E11,1
13,10.0,2002-06-22,E,E13,E13,1
10,11.0,2002-06-27,E,E10,E10,2
11,186.7,2002-06-27,E,E11,E11D,2
7,566.0,2002-06-28,E,E7,E7DD,2
11,33.0,2002-06-29,E,E11,E11,2
11,620.4,2002-06-30,E,E11,E11DD,2
3,,2002-07-01,V,V3,V3,2
5,,2002-07-01,V,V5,V5,2
11,31.2,2002-07-03,E,E11,E11,2
4,10.0,2002-07-19,E,E4,E4,1
9,,2002-07-25,V,V9,V9,1
3,33.0,2002-07-30,E,E3,E3,2
14,10.0,2002-07-31,E,E14,E14,2
5,,2002-08-01,V,V5,V5,2
7,426.1,2002-08-02,E,E7,E7DD,2
11,,2002-08-03,V,V11,V11,2
3,10.0,2002-08-04,E,E3,E3,3
14,10.0,2002-08-07,E,E14,E14,3
11,364.1,2002-08-09,E,E11,E11DD,0
11,112.2,2002-08-12,E,E11,E11D,0
7,,2002-08-12,V,V7,V7,0
1,30.0,2002-08-14,E,E1,E1,0
1,10.0,2002-08-14,E,E1,E1,0
6,10.0,2002-08-15,E,E6,E6,0
11,580.0,2002-08-19,E,E11,E11DD,1
11,675.4,2002-08-19,E,E11,E11DD,1
11,677.4,2002-08-19,E,E11,E11DD,1
7,9.0,2002-08-20,E,E7,E7,1
11,,2002-08-22,V,V11,V11,1
7,42.6,2002-08-24,E,E7,E7,1
13,10.0,2002-09-01,E,E13,E13,2
9,5.0,2002-09-06,E,E9,E9,3
11,209.9,2002-09-07,E,E11,E11D,3
11,618.8,2002-09-08,E,E11,E11DD,0
6,13.0,2002-09-08,E,E6,E6,0
10,21.0,2002-09-13,E,E10,E10,0
7,586.3,2002-09-15,E,E7,E7DD,0
6,10.0,2002-09-16,E,E6,E6,1
6,10.0,2002-09-17,E,E6,E6,1
6,10.0,2002-09-20,E,E6,E6,1
6,10.0,2002-09-20,E,E6,E6,1
11,19.0,2002-09-24,E,E11,E11,2
11,10.0,2002-09-24,E,E11,E11,2
11,10.0,2002-09-24,E,E11,E11,2
3,119.6,2002-09-24,E,E3,E3D,2
5,,2002-09-24,V,V5,V5,2
6,,2002-09-25,V,V6,V6,2
0,10.0,2002-10-03,E,E0,E0,3
6,315.8,2002-10-03,E,E6,E6DD,3
11,621.1,2002-10-04,E,E11,E11DD,3
6,10.0,2002-10-06,E,E6,E6,3
11,,2002-10-06,V,V11,V11,3
2,10.0,2002-10-08,E,E2,E2,0
6,10.0,2002-10-10,E,E6,E6,0
6,10.0,2002-10-10,E,E6,E6,0
6,10.0,2002-10-10,E,E6,E6,0
6,10.0,2002-10-10,E,E6,E6,0
14,,2002-10-11,V,V14,V14,0
8,,2002-10-11,V,V8,V8,0
14,534.3,2002-10-12,E,E14,E14DD,0
8,33.0,2002-10-12,E,E8,E8,0
6,,2002-10-12,V,V6,V6,0
11,10.0,2002-10-13,E,E11,E11,0
3,,2002-10-13,V,V3,V3,0
7,61.4,2002-10-14,E,E7,E7,0
11,33.0,2002-10-16,E,E11,E11,1
7,102.4,2002-10-16,E,E7,E7D,1
11,627.6,2002-10-17,E,E11,E11DD,1
6,33.0,2002-10-17,E,E6,E6,1
14,,2002-10-17,V,V14,V14,1
4,10.0,2002-10-18,E,E4,E4,1
6,33.0,2002-10-19,E,E6,E6,1
7,33.0,2002-10-19,E,E7,E7,1
11,549.0,2002-10-22,E,E11,E11DD,1
5,4.2,2002-10-23,E,E5,E5,2
9,11.0,2002-10-24,E,E9,E9,2
3,,2002-10-26,V,V3,V3,2
9,,2002-10-26,V,V9,V9,2
11,10.0,2002-10-31,E,E11,E11,3
11,,2002-10-31,V,V11,V11,3
11,,2002-11-01,V,V11,V11,3
10,27.0,2002-11-02,E,E10,E10,3
10,30.0,2002-11-02,E,E10,E10,3
5,4.2,2002-11-03,E,E5,E5,3
7,39.0,2002-11-03,E,E7,E7,3
14,,2002-11-03,V,V14,V14,3
5,33.0,2002-11-07,E,E5,E5,0
14,33.0,2002-11-09,E,E14,E14,0
10,,2002-11-11,V,V10,V10,0
3,120.0,2002-11-12,E,E3,E3D,0
3,10.0,2002-11-15,E,E3,E3,1
2,,2002-11-16,V,V2,V2,1
7,459.1,2002-11-17,E,E7,E7DD,1
13,33.0,2002-11-20,E,E13,E13,1
7,,2002-11-24,V,V7,V7,2
5,20.6,2002-11-26,E,E5,E5,2
6,,2002-11-28,V,V6,V6,2
11,530.6,2002-12-10,E,E11,E11DD,0
4,10.0,2002-12-10,E,E4,E4,0
6,10.0,2002-12-11,E,E6,E6,0
11,34.0,2002-12-12,E,E11,E11,0
3,10.0,2002-12-17,E,E3,E3,1
3,10.0,2002-12-18,E,E3,E3,1
11,33.0,2002-12-20,E,E11,E11,1
14,33.0,2002-12-23,E,E14,E14,2
6,,2002-12-23,V,V6,V6,2
7,,2002-12-25,V,V7,V7,2
6,10.0,2002-12-30,E,E6,E6,3
1,,2003-01-01,V,V1,V1,3
11,378.0,2003-01-04,E,E11,E11DD,0
8,10.0,2003-01-06,E,E8,E8,0
11,10.0,2003-01-09,E,E11,E11,0
11,71.9,2003-01-10,E,E11,E11D,0
5,10.0,2003-01-16,E,E5,E5,1
11,33.0,2003-01-20,E,E11,E11,2
14,24.0,2003-01-21,E,E14,E14,2
0,24.0,2003-01-22,E,E0,E0,2
2,10.0,2003-01-27,E,E2,E2,3
9,10.0,2003-01-27,E,E9,E9,3
8,,2003-02-01,V,V8,V8,3
7,,2003-02-06,V,V7,V7,0
11,33.0,2003-02-10,E,E11,E11,1
11,10.0,2003-02-12,E,E11,E11,1
6,10.0,2003-02-15,E,E6,E6,1
5,19.0,2003-02-19,E,E5,E5,2
13,11.0,2003-02-24,E,E13,E13,2
6,28.1,2003-03-01,E,E6,E6,3
3,10.0,2003-03-02,E,E3,E3,3
6,,2003-03-07,V,V6,V6,0
9,,2003-03-08,V,V9,V9,0
6,45.9,2003-03-09,E,E6,E6,0
6,93.8,2003-03-10,E,E6,E6D,0
11,40.2,2003-03-11,E,E11,E11,0
0,10.0,2003-03-12,E,E0,E0,1
11,274.9,2003-03-14,E,E11,E11D,1
6,33.0,2003-03-14,E,E6,E6,1
7,30.2,2003-03-15,E,E7,E7,1
5,33.0,2003-03-17,E,E5,E5,1
5,33.0,2003-03-17,E,E5,E5,1
8,,2003-03-17,V,V8,V8,1
11,33.5,2003-03-19,E,E11,E11,1
6,33.0,2003-03-25,E,E6,E6,2
11,41.2,2003-03-28,E,E11,E11,3
6,33.0,2003-03-30,E,E6,E6,3
11,46.8,2003-03-31,E,E11,E11,3
11,,2003-04-01,V,V11,V11,3
9,10.0,2003-04-02,E,E9,E9,0
3,,2003-04-09,V,V3,V3,0
11,,2003-04-10,V,V11,V11,1
14,10.0,2003-04-11,E,E14,E14,1
11,,2003-04-14,V,V11,V11,1
13,14.0,2003-04-17,E,E13,E13,1
2,10.0,2003-04-17,E,E2,E2,1
7,,2003-04-17,V,V7,V7,1
7,43.8,2003-04-24,E,E7,E7,2
11,77.4,2003-04-27,E,E11,E11D,3
14,559.9,2003-04-27,E,E14,E14DD,3
7,62.5,2003-04-29,E,E7,E7,3
13,10.0,2003-05-01,E,E13,E13,3
11,33.0,2003-05-03,E,E11,E11,0
11,62.4,2003-05-04,E,E11,E11,0
11,33.0,2003-05-04,E,E11,E11,0
11,45.6,2003-05-04,E,E11,E11,0
6,123.6,2003-05-05,E,E6,E6D,0
6,56.0,2003-05-05,E,E6,E6,0
3,,2003-05-06,V,V3,V3,0
2,10.0,2003-05-09,E,E2,E2,0
1,,2003-05-10,V,V1,V1,1
6,30.2,2003-05-11,E,E6,E6,1
11,33.0,2003-05-13,E,E11,E11,1
10,79.1,2003-05-14,E,E10,E10D,1
14,41.5,2003-05-14,E,E14,E14,1
11,,2003-05-17,V,V11,V11,1
0,10.0,2003-05-19,E,E0,E0,2
11,563.8,2003-05-19,E,E11,E11DD,2
9,12.0,2003-05-21,E,E9,E9,2
3,,2003-05-23,V,V3,V3,2
6,31.0,2003-05-26,E,E6,E6,3
6,565.8,2003-05-26,E,E6,E6DD,3
7,68.0,2003-05-26,E,E7,E7,3
2,10.0,2003-05-28,E,E2,E2,3
2,,2003-05-30,V,V2,V2,3
6,,2003-05-30,V,V6,V6,3
0,,2003-05-31,V,V0,V0,3
3,33.0,2003-06-03,E,E3,E3,0
11,33.0,2003-06-07,E,E11,E11,0
11,,2003-06-08,V,V11,V11,0
2,,2003-06-09,V,V2,V2,1
8,44.5,2003-06-10,E,E8,E8,1
11,186.3,2003-06-12,E,E11,E11D,1
5,20.0,2003-06-15,E,E5,E5,1
7,174.8,2003-06-16,E,E7,E7D,1
14,,2003-06-17,V,V14,V14,2
14,558.1,2003-06-20,E,E14,E14DD,2
3,33.0,2003-06-20,E,E3,E3,2
5,20.0,2003-06-23,E,E5,E5,2
6,10.0,2003-06-26,E,E6,E6,3
6,,2003-06-26,V,V6,V6,3
11,10.0,2003-06-28,E,E11,E11,3
6,33.0,2003-07-01,E,E6,E6,0
6,635.4,2003-07-01,E,E6,E6DD,0
10,,2003-07-01,V,V10,V10,0
11,10.0,2003-07-03,E,E11,E11,0
11,10.0,2003-07-04,E,E11,E11,0
8,,2003-07-10,V,V8,V8,1
5,20.0,2003-07-12,E,E5,E5,1
11,33.0,2003-07-15,E,E11,E11,1
2,10.0,2003-07-15,E,E2,E2,1
0,10.0,2003-07-17,E,E0,E0,2
11,189.6,2003-07-21,E,E11,E11D,2
8,10.0,2003-07-21,E,E8,E8,2
11,33.0,2003-07-22,E,E11,E11,2
11,24.0,2003-07-25,E,E11,E11,3
7,6.0,2003-07-25,E,E7,E7,3
7,,2003-07-26,V,V7,V7,3
11,212.9,2003-07-27,E,E11,E11D,3
3,345.3,2003-07-27,E,E3,E3DD,3
7,470.3,2003-07-27,E,E7,E7DD,3
3,,2003-07-30,V,V3,V3,0
6,,2003-07-31,V,V6,V6,0
3,10.0,2003-08-04,E,E3,E3,0
10,100.2,2003-08-11,E,E10,E10D,1
11,10.0,2003-08-11,E,E11,E11,1
6,10.0,2003-08-11,E,E6,E6,1
9,10.0,2003-08-14,E,E9,E9,1
11,28.0,2003-08-21,E,E11,E11,2
11,33.0,2003-08-21,E,E11,E11,2
14,100.0,2003-08-25,E,E14,E14D,3
4,10.0,2003-08-28,E,E4,E4,0
6,409.2,2003-08-28,E,E6,E6DD,0
3,,2003-08-29,V,V3,V3,0
11,137.0,2003-08-30,E,E11,E11D,0
7,481.1,2003-08-31,E,E7,E7DD,0
11,10.0,2003-09-02,E,E11,E11,0
4,10.0,2003-09-06,E,E4,E4,1
11,33.0,2003-09-07,E,E11,E11,1
11,10.0,2003-09-11,E,E11,E11,1
11,50.4,2003-09-12,E,E11,E11,1
6,,2003-09-12,V,V6,V6,1
10,10.0,2003-09-21,E,E10,E10,3
9,10.0,2003-09-21,E,E9,E9,3
14,10.0,2003-09-22,E,E14,E14,3
14,,2003-09-22,V,V14,V14,3
7,33.0,2003-09-25,E,E7,E7,3
7,27.0,2003-09-25,E,E7,E7,3
7,33.0,2003-09-26,E,E7,E7,3
13,10.0,2003-09-27,E,E13,E13,0
13,16.0,2003-09-27,E,E13,E13,0
7,25.0,2003-09-29,E,E7,E7,0
11,10.0,2003-09-30,E,E11,E11,0
11,33.0,2003-09-30,E,E11,E11,0
3,10.0,2003-09-30,E,E3,E3,0
13,10.0,2003-10-01,E,E13,E13,0
11,10.0,2003-10-07,E,E11,E11,1
7,32.0,2003-10-08,E,E7,E7,1
8,33.0,2003-10-09,E,E8,E8,1
11,10.0,2003-10-13,E,E11,E11,2
11,582.6,2003-10-15,E,E11,E11DD,2
11,133.0,2003-10-17,E,E11,E11D,2
6,33.0,2003-10-18,E,E6,E6,2
11,53.5,2003-10-22,E,E11,E11,3
11,,2003-10-26,V,V11,V11,0
11,65.0,2003-10-28,E,E11,E11,0
7,10.0,2003-10-31,E,E7,E7,0
11,10.0,2003-11-02,E,E11,E11,0
14,33.0,2003-11-05,E,E14,E14,1
11,113.7,2003-11-06,E,E11,E11D,1
9,10.0,2003-11-09,E,E9,E9,1
1,101.0,2003-11-11,E,E1,E1D,2
11,33.0,2003-11-11,E,E11,E11,2
11,33.0,2003-11-11,E,E11,E11,2
6,33.0,2003-11-12,E,E6,E6,2
7,384.9,2003-11-12,E,E7,E7DD,2
11,10.0,2003-11-13,E,E11,E11,2
11,10.0,2003-11-14,E,E11,E11,2
5,33.0,2003-11-17,E,E5,E5,2
6,35.0,2003-11-18,E,E6,E6,2
11,35.0,2003-11-25,E,E11,E11,0
13,10.0,2003-12-01,E,E13,E13,0
7,10.0,2003-12-05,E,E7,E7,1
5,33.0,2003-12-09,E,E5,E5,1
8,10.0,2003-12-10,E,E8,E8,2
9,10.0,2003-12-21,E,E9,E9,3
0,8.38,2003-12-22,E,E0,E0,3
11,10.0,2003-12-25,E,E11,E11,0
11,10.0,2003-12-25,E,E11,E11,0
11,34.6,2003-12-25,E,E11,E11,0
14,33.0,2003-12-25,E,E14,E14,0
11,10.0,2003-12-26,E,E11,E11,0
13,10.0,2003-12-26,E,E13,E13,0
11,10.0,2003-12-27,E,E11,E11,0
11,10.0,2003-12-27,E,E11,E11,0
11,10.0,2003-12-27,E,E11,E11,0
11,10.0,2003-12-27,E,E11,E11,0
7,33.0,2003-12-29,E,E7,E7,0
0,29.4,2004-01-01,E,E0,E0,1
11,10.0,2004-01-03,E,E11,E11,1
11,10.0,2004-01-03,E,E11,E11,1
11,10.0,2004-01-03,E,E11,E11,1
11,22.0,2004-01-03,E,E11,E11,1
11,10.0,2004-01-03,E,E11,E11,1
11,57.7,2004-01-09,E,E11,E11,2
11,673.1,2004-01-11,E,E11,E11DD,2
2,5.3,2004-01-11,E,E2,E2,2
7,,2004-01-14,V,V7,V7,2
8,,2004-01-14,V,V8,V8,2
11,10.0,2004-01-15,E,E11,E11,2
14,10.0,2004-01-16,E,E14,E14,2
11,,2004-01-20,V,V11,V11,3
11,129.8,2004-01-25,E,E11,E11D,0
6,17.4,2004-01-28,E,E6,E6,0
4,10.0,2004-01-29,E,E4,E4,0
6,,2004-01-29,V,V6,V6,0
14,29.2,2004-02-04,E,E14,E14,1
6,16.6,2004-02-05,E,E6,E6,1
6,10.0,2004-02-07,E,E6,E6,2
6,25.7,2004-02-08,E,E6,E6,2
9,,2004-02-12,V,V9,V9,2
11,,2004-02-16,V,V11,V11,3
5,,2004-02-16,V,V5,V5,3
5,,2004-02-17,V,V5,V5,3
11,84.0,2004-02-20,E,E11,E11D,3
3,10.0,2004-02-21,E,E3,E3,0
10,42.0,2004-02-22,E,E10,E10,0
11,31.0,2004-02-23,E,E11,E11,0
9,0.0,2004-02-24,E,E9,E9,0
7,,2004-02-25,V,V7,V7,0
11,10.0,2004-02-26,E,E11,E11,0
2,10.0,2004-02-26,E,E2,E2,0
14,28.0,2004-03-02,E,E14,E14,1
14,,2004-03-03,V,V14,V14,1
8,,2004-03-05,V,V8,V8,1
11,7.0,2004-03-07,E,E11,E11,1
14,10.0,2004-03-08,E,E14,E14,2
11,18.4,2004-03-09,E,E11,E11,2
11,271.5,2004-03-12,E,E11,E11D,2
11,12.0,2004-03-14,E,E11,E11,2
11,,2004-03-15,V,V11,V11,2
3,289.8,2004-03-17,E,E3,E3D,3
9,24.5,2004-03-17,E,E9,E9,3
11,10.0,2004-03-18,E,E11,E11,3
11,,2004-03-19,V,V11,V11,3
13,8.0,2004-03-27,E,E13,E13,0
14,,2004-03-31,V,V14,V14,1
6,,2004-04-02,V,V6,V6,1
7,31.0,2004-04-03,E,E7,E7,1
11,8.0,2004-04-05,E,E11,E11,1
13,187.1,2004-04-05,E,E13,E13D,1
4,10.0,2004-04-08,E,E4,E4,2
11,228.4,2004-04-09,E,E11,E11D,2
6,20.0,2004-04-11,E,E6,E6,2
7,41.8,2004-04-11,E,E7,E7,2
1,,2004-04-12,V,V1,V1,2
11,,2004-04-12,V,V11,V11,2
11,143.5,2004-04-14,E,E11,E11D,3
7,51.3,2004-04-14,E,E7,E7,3
9,12.2,2004-04-14,E,E9,E9,3
11,10.0,2004-04-15,E,E11,E11,3
10,44.5,2004-04-16,E,E10,E10,3
11,10.0,2004-04-16,E,E11,E11,3
11,35.0,2004-04-22,E,E11,E11,0
11,10.0,2004-04-22,E,E11,E11,0
6,65.8,2004-04-23,E,E6,E6,0
11,8.0,2004-04-24,E,E11,E11,0
11,10.0,2004-04-27,E,E11,E11,0
14,10.0,2004-04-29,E,E14,E14,1
6,,2004-05-01,V,V6,V6,1
2,,2004-05-02,V,V2,V2,1
3,21.0,2004-05-03,E,E3,E3,1
11,14.0,2004-05-07,E,E11,E11,2
9,,2004-05-08,V,V9,V9,2
10,21.0,2004-05-11,E,E10,E10,2
11,10.0,2004-05-13,E,E11,E11,2
8,20.0,2004-05-19,E,E8,E8,3
0,,2004-05-26,V,V0,V0,0
13,17.0,2004-05-28,E,E13,E13,1
7,16.0,2004-05-29,E,E7,E7,1
11,43.1,2004-06-02,E,E11,E11,1
6,,2004-06-02,V,V6,V6,1
8,,2004-06-03,V,V8,V8,1
10,,2004-06-08,V,V10,V10,2
11,10.0,2004-06-09,E,E11,E11,2
7,188.6,2004-06-10,E,E7,E7D,2
3,37.8,2004-06-15,E,E3,E3,3
10,,2004-06-22,V,V10,V10,0
2,,2004-06-24,V,V2,V2,0
6,70.5,2004-06-25,E,E6,E6D,0
5,20.0,2004-06-28,E,E5,E5,1
14,9.0,2004-06-29,E,E14,E14,1
6,90.8,2004-06-30,E,E6,E6D,1
11,10.0,2004-07-01,E,E11,E11,1
6,,2004-07-03,V,V6,V6,1
5,,2004-07-04,V,V5,V5,2
4,10.0,2004-07-08,E,E4,E4,2
7,128.5,2004-07-08,E,E7,E7D,2
13,13.0,2004-07-11,E,E13,E13,2
4,12.0,2004-07-11,E,E4,E4,2
11,565.5,2004-07-15,E,E11,E11DD,3
11,10.0,2004-07-16,E,E11,E11,3
14,,2004-07-16,V,V14,V14,3
5,23.7,2004-07-19,E,E5,E5,0
14,,2004-07-19,V,V14,V14,0
7,,2004-07-20,V,V7,V7,0
8,20.9,2004-07-22,E,E8,E8,0
10,582.1,2004-07-25,E,E10,E10DD,0
6,13.4,2004-07-28,E,E6,E6,1
3,,2004-07-29,V,V3,V3,1
4,10.0,2004-08-01,E,E4,E4,1
10,,2004-08-05,V,V10,V10,2
3,,2004-08-05,V,V3,V3,2
5,8.0,2004-08-07,E,E5,E5,2
13,207.0,2004-08-10,E,E13,E13D,2
3,5.0,2004-08-28,E,E3,E3,1
11,,2004-09-01,V,V11,V11,1
7,,2004-09-01,V,V7,V7,1
11,10.0,2004-09-03,E,E11,E11,2
7,14.0,2004-09-05,E,E7,E7,2
7,10.0,2004-09-05,E,E7,E7,2
3,10.0,2004-09-06,E,E3,E3,2
7,10.0,2004-09-06,E,E7,E7,2
3,22.3,2004-09-07,E,E3,E3,2
9,,2004-09-07,V,V9,V9,2
7,21.2,2004-09-08,E,E7,E7,2
14,25.2,2004-09-09,E,E14,E14,2
3,63.9,2004-09-11,E,E3,E3,3
7,8.0,2004-09-13,E,E7,E7,3
8,115.4,2004-09-15,E,E8,E8D,0
7,,2004-09-15,V,V7,V7,0
5,25.0,2004-09-19,E,E5,E5,0
2,10.0,2004-09-28,E,E2,E2,1
12,,2004-10-01,V,V12,V12,2
6,,2004-10-01,V,V6,V6,2
1,7.2,2004-10-04,E,E1,E1,2
6,10.0,2004-10-06,E,E6,E6,2
11,36.0,2004-10-08,E,E11,E11,2
8,105.0,2004-10-08,E,E8,E8D,2
14,35.0,2004-10-09,E,E14,E14,3
8,94.0,2004-10-15,E,E8,E8D,0
6,,2004-10-18,V,V6,V6,0
11,59.8,2004-10-20,E,E11,E11,0
7,10.5,2004-10-23,E,E7,E7,1
7,10.0,2004-10-23,E,E7,E7,1
7,16.0,2004-10-23,E,E7,E7,1
8,,2004-10-23,V,V8,V8,1
11,,2004-10-24,V,V11,V11,1
3,10.0,2004-10-26,E,E3,E3,1
3,10.0,2004-10-26,E,E3,E3,1
7,14.1,2004-10-27,E,E7,E7,1
9,,2004-11-01,V,V9,V9,2
5,10.0,2004-11-02,E,E5,E5,2
1,10.0,2004-11-03,E,E1,E1,2
11,125.7,2004-11-05,E,E11,E11D,2
14,,2004-11-05,V,V14,V14,2
7,474.0,2004-11-07,E,E7,E7DD,2
14,,2004-11-07,V,V14,V14,2
8,29.0,2004-11-08,E,E8,E8,3
11,13.0,2004-11-09,E,E11,E11,3
11,10.0,2004-11-11,E,E11,E11,3
6,10.0,2004-11-11,E,E6,E6,3
6,10.0,2004-11-11,E,E6,E6,3
7,32.8,2004-11-11,E,E7,E7,3
3,568.7,2004-11-12,E,E3,E3DD,3
14,15.0,2004-11-15,E,E14,E14,0
11,55.7,2004-11-16,E,E11,E11,0
11,622.6,2004-11-17,E,E11,E11DD,0
14,16.0,2004-11-20,E,E14,E14,0
14,40.6,2004-11-20,E,E14,E14,0
11,256.1,2004-11-21,E,E11,E11D,1
14,14.0,2004-11-21,E,E14,E14,1
11,10.0,2004-11-22,E,E11,E11,1
11,,2004-11-24,V,V11,V11,1
6,10.0,2004-11-26,E,E6,E6,1
4,10.0,2004-11-28,E,E4,E4,1
6,23.1,2004-11-28,E,E6,E6,1
7,39.0,2004-11-28,E,E7,E7,1
7,,2004-11-30,V,V7,V7,2
14,,2004-12-03,V,V14,V14,2
11,439.2,2004-12-06,E,E11,E11DD,2
7,35.0,2004-12-06,E,E7,E7,2
14,62.3,2004-12-13,E,E14,E14,0
14,10.0,2004-12-14,E,E14,E14,0
7,11.0,2004-12-18,E,E7,E7,0
4,10.0,2004-12-22,E,E4,E4,1
11,10.0,2004-12-23,E,E11,E11,1
10,30.0,2004-12-26,E,E10,E10,1
10,17.8,2004-12-26,E,E10,E10,1
10,13.3,2004-12-26,E,E10,E10,1
10,26.4,2004-12-26,E,E10,E10,1
10,39.2,2004-12-26,E,E10,E10,1
10,16.1,2004-12-26,E,E10,E10,1
10,30.0,2004-12-26,E,E10,E10,1
10,30.0,2004-12-26,E,E10,E10,1
10,30.0,2004-12-26,E,E10,E10,1
10,30.0,2004-12-26,E,E10,E10,1
10,30.0,2004-12-26,E,E10,E10,1
10,35.0,2004-12-27,E,E10,E10,1
10,8.0,2004-12-29,E,E10,E10,2
10,12.0,2004-12-29,E,E10,E10,2
10,11.0,2004-12-31,E,E10,E10,2
10,14.0,2004-12-31,E,E10,E10,2
10,11.7,2005-01-01,E,E10,E10,2
10,55.4,2005-01-01,E,E10,E10,2
10,30.0,2005-01-02,E,E10,E10,2
11,10.0,2005-01-03,E,E11,E11,2
10,23.2,2005-01-04,E,E10,E10,2
5,,2005-01-04,V,V5,V5,2
3,10.0,2005-01-08,E,E3,E3,3
10,40.0,2005-01-09,E,E10,E10,3
0,,2005-01-09,V,V0,V0,3
9,10.0,2005-01-12,E,E9,E9,0
11,10.0,2005-01-14,E,E11,E11,0
10,58.7,2005-01-15,E,E10,E10,0
1,24.9,2005-01-16,E,E1,E1,0
11,16.0,2005-01-16,E,E11,E11,0
1,12.0,2005-01-17,E,E1,E1,0
7,42.0,2005-01-18,E,E7,E7,0
7,27.8,2005-01-19,E,E7,E7,1
7,,2005-01-20,V,V7,V7,1
14,10.0,2005-01-21,E,E14,E14,1
11,29.0,2005-01-22,E,E11,E11,1
6,11.0,2005-01-23,E,E6,E6,1
10,30.0,2005-01-24,E,E10,E10,1
14,16.9,2005-01-24,E,E14,E14,1
11,,2005-01-25,V,V11,V11,1
6,,2005-01-25,V,V6,V6,1
10,22.2,2005-01-26,E,E10,E10,1
14,10.0,2005-01-28,E,E14,E14,2
14,10.0,2005-01-28,E,E14,E14,2
7,,2005-01-29,V,V7,V7,2
11,,2005-01-30,V,V11,V11,2
1,158.7,2005-02-02,E,E1,E1D,2
1,142.7,2005-02-05,E,E1,E1D,3
10,30.0,2005-02-05,E,E10,E10,3
6,525.0,2005-02-05,E,E6,E6DD,3
6,,2005-02-06,V,V6,V6,3
11,36.5,2005-02-07,E,E11,E11,3
11,206.3,2005-02-08,E,E11,E11D,3
1,24.0,2005-02-09,E,E1,E1,0
10,44.5,2005-02-09,E,E10,E10,0
11,9.0,2005-02-10,E,E11,E11,0
13,22.0,2005-02-14,E,E13,E13,0
6,39.7,2005-02-15,E,E6,E6,0
3,10.0,2005-02-16,E,E3,E3,0
2,,2005-02-17,V,V2,V2,1
6,10.0,2005-02-19,E,E6,E6,1
13,14.0,2005-02-22,E,E13,E13,1
11,10.0,2005-02-23,E,E11,E11,1
5,,2005-02-23,V,V5,V5,1
10,36.0,2005-02-26,E,E10,E10,2
6,201.7,2005-03-02,E,E6,E6D,2
11,,2005-03-02,V,V11,V11,2
14,,2005-03-04,V,V14,V14,2
11,10.0,2005-03-06,E,E11,E11,3
5,10.0,2005-03-06,E,E5,E5,3
7,,2005-03-12,V,V7,V7,0
13,54.0,2005-03-13,E,E13,E13,0
5,,2005-03-13,V,V5,V5,0
14,197.4,2005-03-17,E,E14,E14D,0
11,18.0,2005-03-19,E,E11,E11,1
11,598.7,2005-03-19,E,E11,E11DD,1
8,10.0,2005-03-20,E,E8,E8,1
3,570.1,2005-03-21,E,E3,E3DD,1
3,579.1,2005-03-21,E,E3,E3DD,1
6,10.0,2005-03-26,E,E6,E6,1
11,,2005-03-27,V,V11,V11,2
10,30.0,2005-03-28,E,E10,E10,2
10,36.1,2005-03-28,E,E10,E10,2
10,22.0,2005-03-30,E,E10,E10,2
11,588.7,2005-03-30,E,E11,E11DD,2
11,10.0,2005-03-31,E,E11,E11,2
5,10.0,2005-04-02,E,E5,E5,2
10,30.0,2005-04-03,E,E10,E10,2
10,36.0,2005-04-03,E,E10,E10,2
13,11.0,2005-04-07,E,E13,E13,3
10,20.9,2005-04-08,E,E10,E10,3
11,10.0,2005-04-08,E,E11,E11,3
10,19.0,2005-04-10,E,E10,E10,0
10,30.0,2005-04-10,E,E10,E10,0
10,30.0,2005-04-10,E,E10,E10,0
10,24.0,2005-04-11,E,E10,E10,0
11,68.0,2005-04-11,E,E11,E11,0
11,11.4,2005-04-11,E,E11,E11,0
14,129.9,2005-04-11,E,E14,E14D,0
10,,2005-04-12,V,V10,V10,0
7,,2005-04-12,V,V7,V7,0
8,,2005-04-14,V,V8,V8,0
14,,2005-04-15,V,V14,V14,0
10,31.0,2005-04-16,E,E10,E10,0
2,,2005-04-16,V,V2,V2,0
11,,2005-04-19,V,V11,V11,1
6,,2005-04-19,V,V6,V6,1
10,22.0,2005-04-28,E,E10,E10,2
3,,2005-05-04,V,V3,V3,3
14,18.0,2005-05-05,E,E14,E14,3
10,17.0,2005-05-10,E,E10,E10,0
4,10.0,2005-05-12,E,E4,E4,0
14,,2005-05-13,V,V14,V14,0
10,34.0,2005-05-14,E,E10,E10,0
11,34.0,2005-05-16,E,E11,E11,0
10,2.5,2005-05-18,E,E10,E10,1
11,10.0,2005-05-18,E,E11,E11,1
3,102.2,2005-05-18,E,E3,E3D,1
10,30.0,2005-05-19,E,E10,E10,1
11,565.3,2005-05-20,E,E11,E11DD,1
14,39.5,2005-05-21,E,E14,E14,1
10,,2005-05-26,V,V10,V10,2
3,196.2,2005-06-02,E,E3,E3D,3
11,26.0,2005-06-04,E,E11,E11,3
10,23.5,2005-06-08,E,E10,E10,0
3,94.1,2005-06-12,E,E3,E3D,0
3,115.6,2005-06-13,E,E3,E3D,0
5,17.0,2005-06-14,E,E5,E5,0
0,16.0,2005-06-15,E,E0,E0,1
11,74.6,2005-06-15,E,E11,E11D,1
3,10.0,2005-06-15,E,E3,E3,1
14,,2005-06-16,V,V14,V14,1
0,12.0,2005-06-17,E,E0,E0,1
0,20.0,2005-06-27,E,E0,E0,2
14,27.0,2005-07-02,E,E14,E14,3
1,,2005-07-02,V,V1,V1,3
2,10.0,2005-07-04,E,E2,E2,3
10,21.0,2005-07-05,E,E10,E10,3
4,10.0,2005-07-10,E,E4,E4,0
11,10.0,2005-07-11,E,E11,E11,0
2,,2005-07-12,V,V2,V2,0
11,10.0,2005-07-23,E,E11,E11,2
10,16.0,2005-07-24,E,E10,E10,2
14,,2005-07-28,V,V14,V14,2
11,10.0,2005-07-30,E,E11,E11,2
0,,2005-08-01,V,V0,V0,3
14,14.0,2005-08-03,E,E14,E14,3
11,205.4,2005-08-06,E,E11,E11D,0
11,10.0,2005-08-07,E,E11,E11,0
2,10.0,2005-08-07,E,E2,E2,0
11,23.6,2005-08-09,E,E11,E11,0
11,35.0,2005-08-09,E,E11,E11,0
11,10.0,2005-08-11,E,E11,E11,0
1,48.6,2005-08-13,E,E1,E1,0
7,36.0,2005-08-16,E,E7,E7,1
8,,2005-08-17,V,V8,V8,1
7,10.0,2005-08-24,E,E7,E7,2
13,10.0,2005-08-26,E,E13,E13,2
14,10.0,2005-08-27,E,E14,E14,2
7,21.1,2005-08-30,E,E7,E7,3
6,443.9,2005-09-04,E,E6,E6DD,0
4,10.0,2005-09-05,E,E4,E4,0
5,,2005-09-07,V,V5,V5,0
11,90.0,2005-09-09,E,E11,E11D,0
7,103.0,2005-09-21,E,E7,E7D,2
11,30.0,2005-09-25,E,E11,E11,2
14,115.0,2005-09-26,E,E14,E14D,2
13,,2005-09-26,V,V13,V13,2
11,25.0,2005-09-29,E,E11,E11,3
11,28.0,2005-09-29,E,E11,E11,3
3,,2005-10-02,V,V3,V3,3
2,,2005-10-04,V,V2,V2,0
13,26.0,2005-10-08,E,E13,E13,0
13,8.0,2005-10-08,E,E13,E13,0
7,42.8,2005-10-15,E,E7,E7,1
8,192.0,2005-10-15,E,E8,E8D,1
11,,2005-10-16,V,V11,V11,1
7,32.0,2005-10-19,E,E7,E7,1
14,,2005-10-22,V,V14,V14,2
11,,2005-10-27,V,V11,V11,2
2,8.0,2005-10-29,E,E2,E2,3
11,25.0,2005-11-05,E,E11,E11,0
14,,2005-11-13,V,V14,V14,1
7,11.0,2005-11-14,E,E7,E7,1
3,147.0,2005-11-17,E,E3,E3D,1
10,21.0,2005-11-19,E,E10,E10,2
5,30.0,2005-11-20,E,E5,E5,2
8,145.0,2005-11-21,E,E8,E8D,2
11,68.0,2005-11-22,E,E11,E11,2
14,,2005-11-24,V,V14,V14,2
2,,2005-11-24,V,V2,V2,2
11,,2005-11-27,V,V11,V11,3
1,11.0,2005-11-28,E,E1,E1,3
7,,2005-11-29,V,V7,V7,3
6,13.0,2005-11-30,E,E6,E6,3
7,29.0,2005-12-02,E,E7,E7,0
2,22.0,2005-12-05,E,E2,E2,0
11,21.0,2005-12-07,E,E11,E11,0
11,216.8,2005-12-08,E,E11,E11D,0
5,,2005-12-09,V,V5,V5,0
11,17.0,2005-12-11,E,E11,E11,1
13,224.6,2005-12-12,E,E13,E13D,1
11,10.0,2005-12-13,E,E11,E11,1
7,42.9,2005-12-16,E,E7,E7,1
9,,2005-12-16,V,V9,V9,1
1,22.8,2005-12-20,E,E1,E1,2
14,7.0,2005-12-21,E,E14,E14,2
6,25.0,2005-12-21,E,E6,E6,2
4,10.0,2005-12-22,E,E4,E4,2
6,,2005-12-22,V,V6,V6,2
14,192.9,2005-12-23,E,E14,E14D,2
6,,2005-12-26,V,V6,V6,3
14,10.0,2005-12-30,E,E14,E14,3
11,582.9,2006-01-02,E,E11,E11DD,0
3,13.0,2006-01-02,E,E3,E3,0
0,14.0,2006-01-04,E,E0,E0,0
14,7.4,2006-01-06,E,E14,E14,0
9,66.0,2006-01-08,E,E9,E9,0
6,264.8,2006-01-15,E,E6,E6D,1
11,23.0,2006-01-23,E,E11,E11,2
14,14.0,2006-01-23,E,E14,E14,2
6,397.0,2006-01-27,E,E6,E6DD,3
11,,2006-02-01,V,V11,V11,0
11,597.5,2006-02-02,E,E11,E11DD,0
10,19.0,2006-02-03,E,E10,E10,0
5,,2006-02-06,V,V5,V5,0
1,40.0,2006-02-14,E,E1,E1,1
7,,2006-02-17,V,V7,V7,2
11,44.2,2006-02-18,E,E11,E11,2
8,,2006-02-21,V,V8,V8,2
2,11.0,2006-02-22,E,E2,E2,2
2,10.0,2006-02-23,E,E2,E2,3
11,622.4,2006-02-24,E,E11,E11DD,3
11,535.2,2006-02-26,E,E11,E11DD,3
11,32.5,2006-02-26,E,E11,E11,3
13,18.0,2006-02-28,E,E13,E13,3
10,,2006-03-01,V,V10,V10,0
11,,2006-03-01,V,V11,V11,0
3,10.0,2006-03-03,E,E3,E3,0
5,,2006-03-03,V,V5,V5,0
11,205.8,2006-03-05,E,E11,E11D,0
2,10.0,2006-03-06,E,E2,E2,0
11,136.2,2006-03-07,E,E11,E11D,0
14,10.0,2006-03-09,E,E14,E14,1
3,10.0,2006-03-10,E,E3,E3,1
2,,2006-03-11,V,V2,V2,1
6,30.1,2006-03-14,E,E6,E6,1
11,,2006-03-17,V,V11,V11,2
1,,2006-03-20,V,V1,V1,2
6,,2006-03-21,V,V6,V6,2
7,,2006-03-21,V,V7,V7,2
11,10.0,2006-03-24,E,E11,E11,2
6,12.0,2006-03-24,E,E6,E6,2
14,,2006-03-24,V,V14,V14,2
3,,2006-03-25,V,V3,V3,3
11,13.0,2006-03-31,E,E11,E11,0
13,7.0,2006-03-31,E,E13,E13,0
6,37.0,2006-03-31,E,E6,E6,0
8,9.0,2006-04-01,E,E8,E8,0
7,,2006-04-01,V,V7,V7,0
0,33.5,2006-04-04,E,E0,E0,0
11,14.0,2006-04-07,E,E11,E11,1
7,28.8,2006-04-12,E,E7,E7,1
3,19.8,2006-04-15,E,E3,E3,2
11,16.0,2006-04-17,E,E11,E11,2
3,,2006-04-18,V,V3,V3,2
10,17.0,2006-04-19,E,E10,E10,2
5,22.0,2006-04-20,E,E5,E5,2
5,10.0,2006-04-20,E,E5,E5,2
5,9.0,2006-04-21,E,E5,E5,2
5,12.0,2006-04-21,E,E5,E5,2
10,21.0,2006-04-25,E,E10,E10,3
11,10.0,2006-04-26,E,E11,E11,3
5,11.0,2006-04-29,E,E5,E5,0
11,127.7,2006-04-30,E,E11,E11D,0
11,10.0,2006-04-30,E,E11,E11,0
3,12.0,2006-04-30,E,E3,E3,0
3,12.0,2006-04-30,E,E3,E3,0
11,55.0,2006-05-03,E,E11,E11,0
11,11.0,2006-05-04,E,E11,E11,0
2,10.0,2006-05-06,E,E2,E2,1
2,10.0,2006-05-07,E,E2,E2,1
5,18.0,2006-05-10,E,E5,E5,1
10,12.0,2006-05-16,E,E10,E10,2
11,152.0,2006-05-16,E,E11,E11D,2
11,11.0,2006-05-17,E,E11,E11,2
6,35.0,2006-05-19,E,E6,E6,2
14,10.0,2006-05-21,E,E14,E14,2
5,19.0,2006-05-22,E,E5,E5,3
6,2.8,2006-05-22,E,E6,E6,3
7,197.0,2006-05-22,E,E7,E7D,3
10,12.5,2006-05-26,E,E10,E10,3
11,34.0,2006-05-28,E,E11,E11,0
2,,2006-05-28,V,V2,V2,0
11,591.6,2006-06-02,E,E11,E11DD,0
6,,2006-06-03,V,V6,V6,0
14,10.0,2006-06-05,E,E14,E14,1
11,564.4,2006-06-09,E,E11,E11DD,1
3,,2006-06-09,V,V3,V3,1
8,140.0,2006-06-11,E,E8,E8D,1
5,14.0,2006-06-14,E,E5,E5,2
5,29.1,2006-06-14,E,E5,E5,2
14,9.0,2006-06-18,E,E14,E14,2
10,16.0,2006-06-21,E,E10,E10,3
7,95.0,2006-06-22,E,E7,E7D,3
6,26.0,2006-06-24,E,E6,E6,3
10,28.8,2006-06-27,E,E10,E10,0
11,569.9,2006-06-27,E,E11,E11DD,0
5,17.0,2006-06-27,E,E5,E5,0
6,,2006-07-03,V,V6,V6,0
11,35.0,2006-07-07,E,E11,E11,1
5,22.0,2006-07-08,E,E5,E5,1
8,,2006-07-13,V,V8,V8,2
9,,2006-07-14,V,V9,V9,2
3,10.0,2006-07-16,E,E3,E3,2
10,10.0,2006-07-17,E,E10,E10,2
10,21.0,2006-07-17,E,E10,E10,2
10,20.0,2006-07-17,E,E10,E10,2
10,45.0,2006-07-19,E,E10,E10,2
11,28.2,2006-07-19,E,E11,E11,2
2,,2006-07-20,V,V2,V2,3
6,28.0,2006-07-23,E,E6,E6,3
10,20.0,2006-07-27,E,E10,E10,0
14,,2006-08-04,V,V14,V14,1
14,,2006-08-04,V,V14,V14,1
11,150.0,2006-08-07,E,E11,E11D,1
11,,2006-08-07,V,V11,V11,1
11,,2006-08-09,V,V11,V11,1
0,56.0,2006-08-11,E,E0,E0,2
10,22.0,2006-08-11,E,E10,E10,2
11,,2006-08-11,V,V11,V11,2
11,154.0,2006-08-15,E,E11,E11D,2
3,13.0,2006-08-20,E,E3,E3,3
7,26.0,2006-08-20,E,E7,E7,3
7,,2006-08-23,V,V7,V7,3
7,43.0,2006-08-24,E,E7,E7,0
3,184.0,2006-08-25,E,E3,E3D,0
11,38.0,2006-09-01,E,E11,E11,1
14,,2006-09-01,V,V14,V14,1
6,572.0,2006-09-09,E,E6,E6DD,2
10,,2006-09-10,V,V10,V10,2
3,114.0,2006-09-12,E,E3,E3D,2
6,17.0,2006-09-16,E,E6,E6,2
3,137.0,2006-09-17,E,E3,E3D,3
5,,2006-09-17,V,V5,V5,3
10,25.0,2006-09-21,E,E10,E10,3
3,598.3,2006-09-22,E,E3,E3DD,3
10,,2006-09-25,V,V10,V10,0
14,,2006-09-25,V,V14,V14,0
11,28.0,2006-09-28,E,E11,E11,0
14,53.0,2006-09-29,E,E14,E14,0
3,107.0,2006-09-30,E,E3,E3D,0
7,11.0,2006-09-30,E,E7,E7,0
7,10.0,2006-09-30,E,E7,E7,0
7,19.0,2006-10-01,E,E7,E7,1
11,161.0,2006-10-03,E,E11,E11D,1
11,,2006-10-04,V,V11,V11,1
8,14.0,2006-10-09,E,E8,E8,2
4,10.0,2006-10-10,E,E4,E4,2
7,9.0,2006-10-10,E,E7,E7,2
6,,2006-10-10,V,V6,V6,2
3,31.0,2006-10-12,E,E3,E3,2
5,39.06,2006-10-15,E,E5,E5,2
5,18.92,2006-10-15,E,E5,E5,2
11,32.0,2006-10-17,E,E11,E11,3
11,,2006-10-17,V,V11,V11,3
11,115.0,2006-10-18,E,E11,E11D,3
3,23.0,2006-10-20,E,E3,E3,3
2,10.0,2006-10-22,E,E2,E2,3
7,11.0,2006-10-23,E,E7,E7,0
6,10.0,2006-10-24,E,E6,E6,0
3,28.1,2006-10-26,E,E3,E3,0
11,133.2,2006-11-06,E,E11,E11D,1
11,11.0,2006-11-07,E,E11,E11,1
11,,2006-11-08,V,V11,V11,2
11,12.0,2006-11-12,E,E11,E11,2
11,11.0,2006-11-13,E,E11,E11,2
3,572.0,2006-11-13,E,E3,E3DD,2
6,345.0,2006-11-14,E,E6,E6DD,2
7,10.0,2006-11-15,E,E7,E7,2
7,10.0,2006-11-15,E,E7,E7,2
7,10.0,2006-11-15,E,E7,E7,2
7,10.0,2006-11-15,E,E7,E7,2
7,10.0,2006-11-15,E,E7,E7,2
7,10.0,2006-11-15,E,E7,E7,2
7,10.0,2006-11-15,E,E7,E7,2
11,10.0,2006-11-16,E,E11,E11,3
7,9.0,2006-11-16,E,E7,E7,3
8,22.0,2006-11-17,E,E8,E8,3
4,10.0,2006-11-19,E,E4,E4,3
5,,2006-11-25,V,V5,V5,0
9,,2006-11-27,V,V9,V9,0
6,39.0,2006-11-29,E,E6,E6,1
11,13.5,2006-11-30,E,E11,E11,1
4,10.0,2006-11-30,E,E4,E4,1
10,204.0,2006-12-01,E,E10,E10D,1
6,19.0,2006-12-01,E,E6,E6,1
14,61.2,2006-12-03,E,E14,E14,1
1,,2006-12-04,V,V1,V1,1
7,16.0,2006-12-07,E,E7,E7,2
14,,2006-12-11,V,V14,V14,2
6,213.5,2006-12-12,E,E6,E6D,2
11,,2006-12-12,V,V11,V11,2
6,,2006-12-14,V,V6,V6,2
10,24.0,2006-12-22,E,E10,E10,0
7,10.0,2006-12-26,E,E7,E7,0
8,10.0,2006-12-26,E,E8,E8,0
8,10.0,2006-12-26,E,E8,E8,0
11,355.0,2006-12-27,E,E11,E11DD,0
13,15.0,2006-12-30,E,E13,E13,1
10,11.0,2007-01-08,E,E10,E10,2
11,406.8,2007-01-08,E,E11,E11DD,2
13,16.0,2007-01-08,E,E13,E13,2
6,13.0,2007-01-11,E,E6,E6,2
2,,2007-01-12,V,V2,V2,2
7,10.0,2007-01-13,E,E7,E7,2
7,10.0,2007-01-13,E,E7,E7,2
13,8.0,2007-01-17,E,E13,E13,3
6,100.8,2007-01-17,E,E6,E6D,3
6,,2007-01-17,V,V6,V6,3
3,10.0,2007-01-20,E,E3,E3,0
6,22.0,2007-01-21,E,E6,E6,0
6,23.0,2007-01-21,E,E6,E6,0
8,36.2,2007-01-25,E,E8,E8,0
1,20.0,2007-01-30,E,E1,E1,1
11,11.0,2007-01-30,E,E11,E11,1
11,34.0,2007-01-31,E,E11,E11,1
14,10.0,2007-02-04,E,E14,E14,1
4,10.0,2007-02-04,E,E4,E4,1
14,,2007-02-09,V,V14,V14,2
6,24.0,2007-02-12,E,E6,E6,2
9,20.0,2007-02-12,E,E9,E9,2
7,,2007-02-15,V,V7,V7,3
7,31.0,2007-02-17,E,E7,E7,3
14,,2007-02-19,V,V14,V14,0
6,12.0,2007-02-20,E,E6,E6,0
6,11.0,2007-02-20,E,E6,E6,0
14,23.0,2007-02-24,E,E14,E14,0
3,10.0,2007-02-28,E,E3,E3,1
14,10.0,2007-03-01,E,E14,E14,1
7,,2007-03-04,V,V7,V7,1
10,11.0,2007-03-06,E,E10,E10,2
10,19.0,2007-03-06,E,E10,E10,2
3,10.0,2007-03-08,E,E3,E3,2
7,139.6,2007-03-08,E,E7,E7D,2
7,441.2,2007-03-09,E,E7,E7DD,2
0,26.1,2007-03-13,E,E0,E0,2
14,,2007-03-15,V,V14,V14,3
14,10.0,2007-03-17,E,E14,E14,3
6,35.0,2007-03-17,E,E6,E6,3
14,7.0,2007-03-18,E,E14,E14,3
10,,2007-03-19,V,V10,V10,3
9,,2007-03-19,V,V9,V9,3
7,,2007-03-24,V,V7,V7,0
11,35.0,2007-03-25,E,E11,E11,0
11,34.0,2007-03-25,E,E11,E11,0
7,8.0,2007-03-25,E,E7,E7,0
4,10.0,2007-03-31,E,E4,E4,1
11,24.0,2007-04-01,E,E11,E11,1
11,24.3,2007-04-01,E,E11,E11,1
11,10.0,2007-04-01,E,E11,E11,1
11,10.0,2007-04-01,E,E11,E11,1
11,10.0,2007-04-01,E,E11,E11,1
11,34.0,2007-04-02,E,E11,E11,1
11,14.0,2007-04-02,E,E11,E11,1
11,18.0,2007-04-02,E,E11,E11,1
3,4.9,2007-04-02,E,E3,E3,1
11,,2007-04-02,V,V11,V11,1
11,8.0,2007-04-03,E,E11,E11,1
11,12.0,2007-04-03,E,E11,E11,1
13,222.1,2007-04-03,E,E13,E13D,1
11,13.0,2007-04-04,E,E11,E11,1
11,10.0,2007-04-04,E,E11,E11,1
11,10.0,2007-04-04,E,E11,E11,1
11,17.0,2007-04-04,E,E11,E11,1
9,14.0,2007-04-05,E,E9,E9,2
10,30.0,2007-04-07,E,E10,E10,2
9,8.0,2007-04-07,E,E9,E9,2
11,10.0,2007-04-12,E,E11,E11,2
0,34.0,2007-04-13,E,E0,E0,3
4,10.0,2007-04-13,E,E4,E4,3
11,10.0,2007-04-16,E,E11,E11,3
8,11.1,2007-04-20,E,E8,E8,0
8,10.0,2007-04-20,E,E8,E8,0
8,9.0,2007-04-20,E,E8,E8,0
11,407.4,2007-04-21,E,E11,E11DD,0
11,40.7,2007-04-21,E,E11,E11,0
3,36.7,2007-04-21,E,E3,E3,0
11,,2007-04-21,V,V11,V11,0
11,55.0,2007-04-25,E,E11,E11,0
3,10.0,2007-04-28,E,E3,E3,1
5,117.0,2007-04-29,E,E5,E5D,1
11,,2007-05-01,V,V11,V11,1
9,7.0,2007-05-04,E,E9,E9,2
13,9.0,2007-05-05,E,E13,E13,2
11,688.0,2007-05-06,E,E11,E11DD,2
11,676.4,2007-05-06,E,E11,E11DD,2
3,10.0,2007-05-07,E,E3,E3,2
7,,2007-05-10,V,V7,V7,2
8,9.0,2007-05-16,E,E8,E8,3
11,40.7,2007-05-17,E,E11,E11,0
11,,2007-05-19,V,V11,V11,0
3,,2007-05-26,V,V3,V3,1
11,132.5,2007-05-29,E,E11,E11D,1
6,24.0,2007-05-29,E,E6,E6,1
7,116.0,2007-05-30,E,E7,E7D,1
2,,2007-06-01,V,V2,V2,1
6,,2007-06-01,V,V6,V6,1
8,5.0,2007-06-02,E,E8,E8,2
11,4.7,2007-06-07,E,E11,E11,2
14,23.0,2007-06-13,E,E14,E14,3
5,,2007-06-17,V,V5,V5,0
11,9.0,2007-06-18,E,E11,E11,0
3,10.0,2007-06-24,E,E3,E3,1
10,10.0,2007-06-26,E,E10,E10,1
11,18.0,2007-06-28,E,E11,E11,1
14,10.0,2007-07-03,E,E14,E14,2
0,113.0,2007-07-06,E,E0,E0D,2
6,,2007-07-08,V,V6,V6,2
14,152.1,2007-07-12,E,E14,E14D,3
5,35.0,2007-07-13,E,E5,E5,3
11,8.0,2007-07-15,E,E11,E11,0
5,15.0,2007-07-15,E,E5,E5,0
7,12.0,2007-07-16,E,E7,E7,0
7,350.4,2007-07-16,E,E7,E7DD,0
11,10.0,2007-07-17,E,E11,E11,0
11,10.0,2007-07-18,E,E11,E11,0
14,644.9,2007-07-21,E,E14,E14DD,0
3,289.5,2007-07-21,E,E3,E3D,0
10,15.0,2007-07-25,E,E10,E10,1
6,25.0,2007-07-26,E,E6,E6,1
6,,2007-07-26,V,V6,V6,1
11,10.0,2007-07-27,E,E11,E11,1
9,11.0,2007-07-31,E,E9,E9,2
11,120.0,2007-08-01,E,E11,E11D,2
5,21.0,2007-08-02,E,E5,E5,2
7,5.0,2007-08-02,E,E7,E7,2
4,10.0,2007-08-04,E,E4,E4,2
11,40.0,2007-08-05,E,E11,E11,2
8,18.1,2007-08-07,E,E8,E8,2
10,280.0,2007-08-08,E,E10,E10D,3
10,291.2,2007-08-08,E,E10,E10D,3
11,42.0,2007-08-12,E,E11,E11,3
13,,2007-08-12,V,V13,V13,3
11,10.0,2007-08-13,E,E11,E11,0
3,39.0,2007-08-15,E,E3,E3,0
5,9.0,2007-08-15,E,E5,E5,0
5,,2007-08-15,V,V5,V5,0
11,15.0,2007-08-16,E,E11,E11,0
3,23.4,2007-08-16,E,E3,E3,0
3,35.0,2007-08-16,E,E3,E3,0
6,10.0,2007-08-17,E,E6,E6,0
3,30.0,2007-08-18,E,E3,E3,0
7,,2007-08-19,V,V7,V7,0
14,6.0,2007-08-20,E,E14,E14,0
6,8.0,2007-08-20,E,E6,E6,0
11,127.4,2007-08-26,E,E11,E11D,1
11,,2007-08-28,V,V11,V11,1
0,9.0,2007-09-01,E,E0,E0,2
11,35.0,2007-09-02,E,E11,E11,2
11,36.7,2007-09-02,E,E11,E11,2
7,94.0,2007-09-03,E,E7,E7D,2
8,53.0,2007-09-06,E,E8,E8,3
10,,2007-09-09,V,V10,V10,3
14,15.0,2007-09-10,E,E14,E14,3
10,34.0,2007-09-12,E,E10,E10,0
10,35.0,2007-09-12,E,E10,E10,0
10,53.0,2007-09-13,E,E10,E10,0
10,28.9,2007-09-13,E,E10,E10,0
10,22.0,2007-09-13,E,E10,E10,0
4,10.0,2007-09-13,E,E4,E4,0
6,26.0,2007-09-13,E,E6,E6,0
10,23.0,2007-09-14,E,E10,E10,0
10,35.0,2007-09-19,E,E10,E10,0
10,30.0,2007-09-20,E,E10,E10,1
11,416.7,2007-09-25,E,E11,E11DD,1
11,,2007-09-25,V,V11,V11,1
10,26.0,2007-09-26,E,E10,E10,1
11,40.0,2007-09-26,E,E11,E11,1
11,9.0,2007-09-27,E,E11,E11,1
1,260.0,2007-09-28,E,E1,E1D,2
11,12.0,2007-09-28,E,E11,E11,2
11,10.0,2007-09-28,E,E11,E11,2
10,35.0,2007-09-29,E,E10,E10,2
1,14.0,2007-09-30,E,E1,E1,2
11,10.0,2007-09-30,E,E11,E11,2
11,18.0,2007-09-30,E,E11,E11,2
13,,2007-09-30,V,V13,V13,2
10,,2007-10-01,V,V10,V10,2
5,32.0,2007-10-02,E,E5,E5,2
10,35.0,2007-10-04,E,E10,E10,2
14,,2007-10-04,V,V14,V14,2
11,509.4,2007-10-05,E,E11,E11DD,2
1,20.0,2007-10-06,E,E1,E1,3
11,39.0,2007-10-09,E,E11,E11,3
11,37.0,2007-10-13,E,E11,E11,0
11,18.0,2007-10-15,E,E11,E11,0
11,19.0,2007-10-15,E,E11,E11,0
11,509.3,2007-10-16,E,E11,E11DD,0
11,46.3,2007-10-21,E,E11,E11,1
10,,2007-10-23,V,V10,V10,1
10,21.0,2007-10-24,E,E10,E10,1
7,20.0,2007-10-25,E,E7,E7,1
14,,2007-10-28,V,V14,V14,2
1,207.0,2007-10-31,E,E1,E1D,2
5,28.0,2007-10-31,E,E5,E5,2
4,10.0,2007-11-02,E,E4,E4,2
14,,2007-11-08,V,V14,V14,3
11,10.0,2007-11-10,E,E11,E11,0
3,40.0,2007-11-14,E,E3,E3,0
3,27.0,2007-11-15,E,E3,E3,0
3,26.0,2007-11-15,E,E3,E3,0
14,122.9,2007-11-16,E,E14,E14D,0
3,246.4,2007-11-18,E,E3,E3D,1
11,558.3,2007-11-19,E,E11,E11DD,1
11,10.0,2007-11-19,E,E11,E11,1
11,52.6,2007-11-20,E,E11,E11,1
3,15.0,2007-11-20,E,E3,E3,1
11,53.0,2007-11-22,E,E11,E11,1
14,,2007-11-24,V,V14,V14,1
10,35.0,2007-11-25,E,E10,E10,1
6,20.0,2007-11-25,E,E6,E6,1
6,18.0,2007-11-25,E,E6,E6,1
11,16.0,2007-11-27,E,E11,E11,2
1,,2007-11-27,V,V1,V1,2
10,,2007-11-27,V,V10,V10,2
14,156.0,2007-11-29,E,E14,E14D,2
4,10.0,2007-11-29,E,E4,E4,2
11,152.5,2007-12-09,E,E11,E11D,3
11,17.0,2007-12-13,E,E11,E11,0
3,15.0,2007-12-13,E,E3,E3,0
3,16.0,2007-12-13,E,E3,E3,0
6,175.9,2007-12-15,E,E6,E6D,0
6,57.0,2007-12-15,E,E6,E6,0
3,45.0,2007-12-16,E,E3,E3,0
5,34.0,2007-12-19,E,E5,E5,1
11,20.0,2007-12-20,E,E11,E11,1
5,25.0,2007-12-21,E,E5,E5,1
10,23.0,2007-12-22,E,E10,E10,1
6,20.0,2007-12-22,E,E6,E6,1
7,48.4,2007-12-25,E,E7,E7,1
5,25.0,2007-12-26,E,E5,E5,2
11,34.0,2008-01-01,E,E11,E11,2
11,,2008-01-01,V,V11,V11,2
3,,2008-01-01,V,V3,V3,2
14,,2008-01-02,V,V14,V14,2
10,35.0,2008-01-04,E,E10,E10,3
5,10.0,2008-01-05,E,E5,E5,3
5,15.0,2008-01-05,E,E5,E5,3
9,75.0,2008-01-06,E,E9,E9D,3
7,,2008-01-07,V,V7,V7,3
3,,2008-01-08,V,V3,V3,3
13,10.0,2008-01-09,E,E13,E13,0
5,10.0,2008-01-09,E,E5,E5,0
5,13.0,2008-01-10,E,E5,E5,0
14,,2008-01-13,V,V14,V14,0
11,597.6,2008-01-15,E,E11,E11DD,0
6,35.0,2008-01-20,E,E6,E6,1
10,20.0,2008-01-22,E,E10,E10,1
11,10.0,2008-01-22,E,E11,E11,1
11,6.0,2008-01-22,E,E11,E11,1
6,8.0,2008-01-30,E,E6,E6,2
11,604.2,2008-02-01,E,E11,E11DD,2
3,35.0,2008-02-04,E,E3,E3,3
14,9.0,2008-02-08,E,E14,E14,0
11,,2008-02-08,V,V11,V11,0
6,38.0,2008-02-09,E,E6,E6,0
3,8.0,2008-02-10,E,E3,E3,0
0,83.0,2008-02-12,E,E0,E0D,0
6,19.0,2008-02-13,E,E6,E6,0
9,28.0,2008-02-14,E,E9,E9,0
9,29.0,2008-02-14,E,E9,E9,0
3,130.1,2008-02-16,E,E3,E3D,1
8,,2008-02-17,V,V8,V8,1
10,26.0,2008-02-20,E,E10,E10,1
9,9.9,2008-02-20,E,E9,E9,1
0,6.7,2008-02-21,E,E0,E0,1
9,12.0,2008-02-21,E,E9,E9,1
5,,2008-02-22,V,V5,V5,1
3,14.0,2008-02-23,E,E3,E3,1
10,22.0,2008-02-24,E,E10,E10,2
10,25.0,2008-02-25,E,E10,E10,2
10,25.0,2008-02-25,E,E10,E10,2
10,25.0,2008-02-25,E,E10,E10,2
1,15.0,2008-02-27,E,E1,E1,2
10,25.0,2008-03-03,E,E10,E10,3
7,10.0,2008-03-03,E,E7,E7,3
8,10.0,2008-03-03,E,E8,E8,3
8,24.0,2008-03-03,E,E8,E8,3
11,,2008-03-11,V,V11,V11,0
11,13.0,2008-03-12,E,E11,E11,0
11,10.0,2008-03-12,E,E11,E11,0
2,10.0,2008-03-13,E,E2,E2,0
1,10.0,2008-03-14,E,E1,E1,0
10,25.0,2008-03-15,E,E10,E10,0
11,25.0,2008-03-18,E,E11,E11,1
13,10.0,2008-03-20,E,E13,E13,1
6,45.0,2008-03-20,E,E6,E6,1
5,132.0,2008-03-22,E,E5,E5D,1
3,120.0,2008-03-24,E,E3,E3D,2
10,,2008-03-24,V,V10,V10,2
10,20.0,2008-03-29,E,E10,E10,2
6,,2008-04-05,V,V6,V6,3
11,35.0,2008-04-09,E,E11,E11,0
11,33.0,2008-04-09,E,E11,E11,0
11,35.0,2008-04-09,E,E11,E11,0
11,16.0,2008-04-09,E,E11,E11,0
11,11.0,2008-04-11,E,E11,E11,0
11,16.0,2008-04-12,E,E11,E11,0
3,140.2,2008-04-14,E,E3,E3D,0
14,33.0,2008-04-15,E,E14,E14,1
5,11.0,2008-04-15,E,E5,E5,1
6,,2008-04-15,V,V6,V6,1
11,10.0,2008-04-16,E,E11,E11,1
5,13.0,2008-04-16,E,E5,E5,1
11,553.8,2008-04-18,E,E11,E11DD,1
11,14.0,2008-04-19,E,E11,E11,1
6,13.0,2008-04-19,E,E6,E6,1
6,10.0,2008-04-19,E,E6,E6,1
8,10.0,2008-04-23,E,E8,E8,2
9,10.0,2008-04-24,E,E9,E9,2
11,10.0,2008-04-26,E,E11,E11,2
11,32.0,2008-04-28,E,E11,E11,2
11,35.0,2008-04-28,E,E11,E11,2
3,35.0,2008-04-28,E,E3,E3,2
14,,2008-04-29,V,V14,V14,2
5,14.0,2008-05-02,E,E5,E5,3
3,,2008-05-02,V,V3,V3,3
7,19.0,2008-05-07,E,E7,E7,0
7,23.3,2008-05-07,E,E7,E7,0
7,27.0,2008-05-07,E,E7,E7,0
7,,2008-05-08,V,V7,V7,0
1,76.0,2008-05-09,E,E1,E1D,0
8,19.0,2008-05-12,E,E8,E8,0
8,10.0,2008-05-12,E,E8,E8,0
10,,2008-05-13,V,V10,V10,0
9,,2008-05-13,V,V9,V9,0
10,10.0,2008-05-19,E,E10,E10,1
5,27.0,2008-05-20,E,E5,E5,1
14,8.0,2008-05-23,E,E14,E14,2
11,,2008-05-23,V,V11,V11,2
5,20.0,2008-05-25,E,E5,E5,2
8,18.0,2008-05-25,E,E8,E8,2
9,9.0,2008-05-29,E,E9,E9,2
14,,2008-05-29,V,V14,V14,2
2,9.0,2008-05-31,E,E2,E2,3
11,10.0,2008-06-01,E,E11,E11,3
8,31.0,2008-06-01,E,E8,E8,3
11,84.0,2008-06-03,E,E11,E11D,3
6,14.0,2008-06-03,E,E6,E6,3
4,10.0,2008-06-05,E,E4,E4,0
6,122.0,2008-06-06,E,E6,E6D,0
6,,2008-06-06,V,V6,V6,0
9,16.0,2008-06-08,E,E9,E9,0
6,,2008-06-12,V,V6,V6,1
7,7.8,2008-06-13,E,E7,E7,1
4,10.0,2008-06-15,E,E4,E4,1
7,18.0,2008-06-22,E,E7,E7,2
14,,2008-06-22,V,V14,V14,2
11,38.0,2008-06-26,E,E11,E11,2
10,17.0,2008-06-27,E,E10,E10,2
10,15.0,2008-06-28,E,E10,E10,3
7,326.0,2008-06-29,E,E7,E7DD,3
3,8.0,2008-06-30,E,E3,E3,3
11,581.2,2008-07-03,E,E11,E11DD,3
7,632.8,2008-07-05,E,E7,E7DD,0
14,,2008-07-05,V,V14,V14,0
3,123.0,2008-07-08,E,E3,E3D,0
8,43.0,2008-07-08,E,E8,E8,0
7,,2008-07-11,V,V7,V7,0
5,,2008-07-12,V,V5,V5,1
8,14.0,2008-07-13,E,E8,E8,1
11,,2008-07-13,V,V11,V11,1
9,52.0,2008-07-15,E,E9,E9,1
11,11.0,2008-07-19,E,E11,E11,1
11,10.0,2008-07-19,E,E11,E11,1
11,391.0,2008-07-19,E,E11,E11DD,1
7,22.0,2008-07-19,E,E7,E7,1
7,22.0,2008-07-21,E,E7,E7,2
7,108.0,2008-07-23,E,E7,E7D,2
7,27.0,2008-07-24,E,E7,E7,2
14,,2008-07-27,V,V14,V14,2
11,10.0,2008-07-28,E,E11,E11,3
7,,2008-07-29,V,V7,V7,3
14,,2008-07-30,V,V14,V14,3
6,173.9,2008-08-04,E,E6,E6D,0
8,6.0,2008-08-05,E,E8,E8,0
5,,2008-08-07,V,V5,V5,0
11,10.0,2008-08-09,E,E11,E11,0
11,10.0,2008-08-09,E,E11,E11,0
10,20.0,2008-08-10,E,E10,E10,1
7,,2008-08-10,V,V7,V7,1
8,,2008-08-10,V,V8,V8,1
9,13.0,2008-08-11,E,E9,E9,1
8,10.0,2008-08-15,E,E8,E8,1
11,8.0,2008-08-19,E,E11,E11,2
8,10.0,2008-08-21,E,E8,E8,2
2,6.0,2008-08-22,E,E2,E2,2
8,,2008-08-22,V,V8,V8,2
13,12.0,2008-08-25,E,E13,E13,2
14,154.0,2008-08-26,E,E14,E14D,3
8,16.0,2008-08-27,E,E8,E8,3
9,12.0,2008-08-28,E,E9,E9,3
11,75.0,2008-08-30,E,E11,E11D,3
8,11.0,2008-08-30,E,E8,E8,3
11,171.1,2008-09-01,E,E11,E11D,0
3,569.6,2008-09-03,E,E3,E3DD,0
11,36.0,2008-09-08,E,E11,E11,1
11,110.0,2008-09-08,E,E11,E11D,1
13,12.0,2008-09-10,E,E13,E13,1
14,9.0,2008-09-10,E,E14,E14,1
6,96.0,2008-09-11,E,E6,E6D,1
7,25.0,2008-09-11,E,E7,E7,1
4,11.0,2008-09-18,E,E4,E4,2
11,,2008-09-19,V,V11,V11,2
2,,2008-09-21,V,V2,V2,2
0,12.0,2008-09-24,E,E0,E0,3
13,4.0,2008-09-25,E,E13,E13,3
11,36.0,2008-09-29,E,E11,E11,3
11,10.0,2008-10-05,E,E11,E11,0
13,27.4,2008-10-05,E,E13,E13,0
13,10.0,2008-10-05,E,E13,E13,0
13,12.0,2008-10-06,E,E13,E13,0
7,,2008-10-08,V,V7,V7,1
14,23.0,2008-10-11,E,E14,E14,1
3,352.7,2008-10-12,E,E3,E3DD,1
14,24.0,2008-10-16,E,E14,E14,2
11,29.0,2008-10-19,E,E11,E11,2
14,,2008-10-21,V,V14,V14,2
11,233.4,2008-10-22,E,E11,E11D,2
11,10.0,2008-10-23,E,E11,E11,2
3,,2008-10-25,V,V3,V3,3
14,,2008-10-26,V,V14,V14,3
3,,2008-10-26,V,V3,V3,3
11,18.3,2008-10-28,E,E11,E11,3
13,15.0,2008-10-28,E,E13,E13,3
13,14.0,2008-10-29,E,E13,E13,0
4,10.0,2008-10-30,E,E4,E4,0
11,10.0,2008-11-01,E,E11,E11,0
11,,2008-11-01,V,V11,V11,0
11,,2008-11-01,V,V11,V11,0
5,36.0,2008-11-02,E,E5,E5,0
13,,2008-11-03,V,V13,V13,0
11,205.7,2008-11-04,E,E11,E11D,0
11,13.0,2008-11-07,E,E11,E11,1
6,10.0,2008-11-07,E,E6,E6,1
11,121.0,2008-11-08,E,E11,E11D,1
13,19.0,2008-11-10,E,E13,E13,1
6,30.0,2008-11-16,E,E6,E6,2
7,,2008-11-18,V,V7,V7,2
14,32.0,2008-11-19,E,E14,E14,2
11,118.0,2008-11-21,E,E11,E11D,2
14,,2008-11-21,V,V14,V14,2
10,24.0,2008-11-22,E,E10,E10,3
11,57.3,2008-11-22,E,E11,E11,3
9,10.0,2008-11-22,E,E9,E9,3
7,492.3,2008-11-24,E,E7,E7DD,3
11,386.0,2008-11-29,E,E11,E11DD,0
6,,2008-11-29,V,V6,V6,0
6,398.0,2008-12-06,E,E6,E6DD,1
2,11.0,2008-12-08,E,E2,E2,1
11,18.0,2008-12-09,E,E11,E11,1
11,224.1,2008-12-09,E,E11,E11D,1
11,51.0,2008-12-10,E,E11,E11,1
3,18.0,2008-12-18,E,E3,E3,2
3,25.0,2008-12-18,E,E3,E3,2
7,19.0,2008-12-20,E,E7,E7,2
7,,2008-12-23,V,V7,V7,3
11,9.0,2008-12-24,E,E11,E11,3
6,206.0,2008-12-25,E,E6,E6D,3
10,,2009-01-01,V,V10,V10,0
5,,2009-01-02,V,V5,V5,0
13,204.8,2009-01-03,E,E13,E13D,0
6,17.0,2009-01-03,E,E6,E6,0
6,23.0,2009-01-03,E,E6,E6,0
6,16.0,2009-01-06,E,E6,E6,1
14,14.0,2009-01-08,E,E14,E14,1
14,,2009-01-12,V,V14,V14,1
2,10.0,2009-01-13,E,E2,E2,2
11,27.0,2009-01-15,E,E11,E11,2
7,36.0,2009-01-15,E,E7,E7,2
10,,2009-01-15,V,V10,V10,2
11,33.0,2009-01-18,E,E11,E11,2
11,12.0,2009-01-19,E,E11,E11,2
11,35.0,2009-01-19,E,E11,E11,2
11,24.0,2009-01-21,E,E11,E11,3
7,,2009-01-21,V,V7,V7,3
11,44.0,2009-01-22,E,E11,E11,3
6,146.7,2009-01-22,E,E6,E6D,3
3,,2009-01-29,V,V3,V3,0
3,21.0,2009-02-02,E,E3,E3,0
14,15.0,2009-02-09,E,E14,E14,1
6,35.0,2009-02-11,E,E6,E6,1
6,20.0,2009-02-11,E,E6,E6,1
7,,2009-02-11,V,V7,V7,1
6,26.0,2009-02-12,E,E6,E6,2
6,35.0,2009-02-12,E,E6,E6,2
6,27.0,2009-02-12,E,E6,E6,2
14,21.0,2009-02-15,E,E14,E14,2
11,13.0,2009-02-17,E,E11,E11,2
11,25.0,2009-02-18,E,E11,E11,2
6,32.0,2009-02-22,E,E6,E6,3
3,15.0,2009-02-28,E,E3,E3,0
5,9.0,2009-03-06,E,E5,E5,1
14,9.0,2009-03-12,E,E14,E14,1
5,,2009-03-15,V,V5,V5,2
6,35.0,2009-03-16,E,E6,E6,2
11,,2009-03-17,V,V11,V11,2
11,31.0,2009-03-19,E,E11,E11,2
10,,2009-03-25,V,V10,V10,3
6,93.0,2009-03-28,E,E6,E6D,0
11,10.0,2009-04-01,E,E11,E11,0
10,,2009-04-01,V,V10,V10,0
7,,2009-04-01,V,V7,V7,0
6,48.0,2009-04-04,E,E6,E6,1
9,8.8,2009-04-06,E,E9,E9,1
7,31.0,2009-04-07,E,E7,E7,1
14,,2009-04-10,V,V14,V14,1
10,22.0,2009-04-15,E,E10,E10,2
3,20.0,2009-04-16,E,E3,E3,2
3,25.0,2009-04-17,E,E3,E3,2
7,35.0,2009-04-18,E,E7,E7,2
6,25.0,2009-04-19,E,E6,E6,2
7,152.0,2009-04-21,E,E7,E7D,3
10,,2009-04-21,V,V10,V10,3
11,131.7,2009-04-26,E,E11,E11D,0
6,,2009-05-02,V,V6,V6,0
14,108.0,2009-05-03,E,E14,E14D,0
14,6.0,2009-05-10,E,E14,E14,1
11,89.0,2009-05-12,E,E11,E11D,2
11,43.0,2009-05-16,E,E11,E11,2
11,4.0,2009-05-24,E,E11,E11,3
14,19.0,2009-05-28,E,E14,E14,0
11,15.0,2009-06-02,E,E11,E11,1
2,16.0,2009-06-04,E,E2,E2,1
7,29.0,2009-06-05,E,E7,E7,1
14,14.0,2009-06-06,E,E14,E14,1
7,,2009-06-11,V,V7,V7,2
11,15.0,2009-06-12,E,E11,E11,2
6,35.0,2009-06-14,E,E6,E6,2
2,10.0,2009-06-16,E,E2,E2,2
11,64.0,2009-06-23,E,E11,E11,0
5,,2009-06-25,V,V5,V5,0
13,,2009-06-28,V,V13,V13,0
9,19.0,2009-07-01,E,E9,E9,1
0,10.0,2009-07-03,E,E0,E0,1
14,38.0,2009-07-04,E,E14,E14,1
5,22.0,2009-07-06,E,E5,E5,1
12,19.0,2009-07-07,E,E12,E12,1
4,12.0,2009-07-08,E,E4,E4,1
3,198.9,2009-07-12,E,E3,E3D,2
8,17.0,2009-07-13,E,E8,E8,2
11,13.4,2009-07-15,E,E11,E11,2
11,12.0,2009-07-15,E,E11,E11,2
11,12.0,2009-07-15,E,E11,E11,2
4,10.0,2009-08-01,E,E4,E4,1
7,,2009-08-01,V,V7,V7,1
6,20.0,2009-08-02,E,E6,E6,1
0,10.0,2009-08-03,E,E0,E0,1
0,10.0,2009-08-03,E,E0,E0,1
11,10.0,2009-08-05,E,E11,E11,1
8,25.0,2009-08-05,E,E8,E8,1
7,292.0,2009-08-09,E,E7,E7D,2
10,24.0,2009-08-10,E,E10,E10,2
11,35.0,2009-08-10,E,E11,E11,2
7,40.4,2009-08-10,E,E7,E7,2
7,53.0,2009-08-12,E,E7,E7,2
10,20.0,2009-08-16,E,E10,E10,3
8,20.0,2009-08-17,E,E8,E8,3
8,15.0,2009-08-17,E,E8,E8,3
11,269.8,2009-08-18,E,E11,E11D,3
9,6.0,2009-08-20,E,E9,E9,3
13,13.0,2009-08-28,E,E13,E13,0
6,642.4,2009-08-28,E,E6,E6DD,0
11,11.0,2009-08-30,E,E11,E11,1
11,,2009-09-01,V,V11,V11,1
10,46.0,2009-09-02,E,E10,E10,1
11,257.0,2009-09-02,E,E11,E11D,1
8,163.0,2009-09-03,E,E8,E8D,1
14,,2009-09-06,V,V14,V14,2
10,23.0,2009-09-07,E,E10,E10,2
13,15.0,2009-09-07,E,E13,E13,2
7,36.0,2009-09-10,E,E7,E7,2
14,14.0,2009-09-12,E,E14,E14,2
8,,2009-09-15,V,V8,V8,3
4,10.0,2009-09-17,E,E4,E4,3
13,14.0,2009-09-21,E,E13,E13,0
11,10.0,2009-09-23,E,E11,E11,0
0,13.0,2009-09-24,E,E0,E0,0
10,,2009-09-27,V,V10,V10,1
11,,2009-09-27,V,V11,V11,1
11,18.0,2009-09-29,E,E11,E11,1
11,10.0,2009-09-29,E,E11,E11,1
11,10.0,2009-09-29,E,E11,E11,1
10,81.0,2009-09-30,E,E10,E10D,1
10,9.0,2009-10-01,E,E10,E10,1
11,10.0,2009-10-02,E,E11,E11,1
11,8.0,2009-10-02,E,E11,E11,1
5,,2009-10-02,V,V5,V5,1
8,28.0,2009-10-03,E,E8,E8,1
6,620.0,2009-10-04,E,E6,E6DD,1
11,45.0,2009-10-07,E,E11,E11,2
11,35.0,2009-10-07,E,E11,E11,2
11,21.0,2009-10-07,E,E11,E11,2
11,31.1,2009-10-07,E,E11,E11,2
6,574.0,2009-10-07,E,E6,E6DD,2
11,35.0,2009-10-08,E,E11,E11,2
11,35.0,2009-10-08,E,E11,E11,2
11,44.7,2009-10-08,E,E11,E11,2
11,35.0,2009-10-08,E,E11,E11,2
7,112.0,2009-10-10,E,E7,E7D,2
11,10.0,2009-10-11,E,E11,E11,2
11,42.0,2009-10-12,E,E11,E11,2
2,10.0,2009-10-12,E,E2,E2,2
5,14.0,2009-10-13,E,E5,E5,3
5,24.0,2009-10-13,E,E5,E5,3
6,32.0,2009-10-13,E,E6,E6,3
11,10.0,2009-10-14,E,E11,E11,3
4,10.0,2009-10-15,E,E4,E4,3
6,105.7,2009-10-15,E,E6,E6D,3
10,38.0,2009-10-16,E,E10,E10,3
11,18.0,2009-10-19,E,E11,E11,0
13,185.9,2009-10-22,E,E13,E13D,0
14,18.0,2009-10-22,E,E14,E14,0
11,31.1,2009-10-23,E,E11,E11,0
6,130.0,2009-10-24,E,E6,E6D,0
11,417.9,2009-10-25,E,E11,E11DD,0
3,10.0,2009-10-27,E,E3,E3,1
13,210.0,2009-10-29,E,E13,E13D,1
8,34.0,2009-10-30,E,E8,E8,1
14,,2009-11-01,V,V14,V14,1
11,9.0,2009-11-02,E,E11,E11,1
11,10.0,2009-11-05,E,E11,E11,2
2,,2009-11-05,V,V2,V2,2
6,18.0,2009-11-08,E,E6,E6,2
11,595.0,2009-11-09,E,E11,E11DD,2
10,23.0,2009-11-10,E,E10,E10,2
3,27.0,2009-11-13,E,E3,E3,3
3,220.4,2009-11-14,E,E3,E3D,3
8,,2009-11-15,V,V8,V8,3
5,17.0,2009-11-17,E,E5,E5,0
11,435.7,2009-11-22,E,E11,E11DD,0
11,522.6,2009-11-22,E,E11,E11DD,0
3,,2009-11-22,V,V3,V3,0
11,18.0,2009-11-24,E,E11,E11,0
11,28.0,2009-11-28,E,E11,E11,1
6,15.0,2009-11-28,E,E6,E6,1
6,38.8,2009-11-28,E,E6,E6,1
4,10.0,2009-12-03,E,E4,E4,2
10,21.0,2009-12-09,E,E10,E10,2
11,45.0,2009-12-09,E,E11,E11,2
9,10.0,2009-12-09,E,E9,E9,2
7,656.2,2009-12-10,E,E7,E7DD,2
14,,2009-12-11,V,V14,V14,3
11,39.0,2009-12-14,E,E11,E11,3
7,,2009-12-17,V,V7,V7,0
2,6.0,2009-12-19,E,E2,E2,0
8,43.0,2009-12-19,E,E8,E8,0
10,19.0,2009-12-23,E,E10,E10,0
7,392.0,2009-12-24,E,E7,E7DD,0
6,85.0,2009-12-26,E,E6,E6D,1
4,10.0,2009-12-31,E,E4,E4,1
14,,2010-01-01,V,V14,V14,1
1,8.0,2010-01-02,E,E1,E1,2
9,,2010-01-02,V,V9,V9,2
11,10.0,2010-01-03,E,E11,E11,2
11,10.0,2010-01-03,E,E11,E11,2
11,15.4,2010-01-05,E,E11,E11,2
11,35.0,2010-01-05,E,E11,E11,2
3,13.0,2010-01-05,E,E3,E3,2
14,,2010-01-05,V,V14,V14,2
11,12.0,2010-01-09,E,E11,E11,2
0,28.74,2010-01-10,E,E0,E0,3
14,13.0,2010-01-12,E,E14,E14,3
14,10.0,2010-01-12,E,E14,E14,3
3,5.0,2010-01-17,E,E3,E3,0
13,,2010-01-29,V,V13,V13,1
11,32.0,2010-02-01,E,E11,E11,2
1,,2010-02-03,V,V1,V1,2
2,1.0,2010-02-05,E,E2,E2,2
7,30.0,2010-02-06,E,E7,E7,2
8,21.0,2010-02-07,E,E8,E8,2
11,10.0,2010-02-09,E,E11,E11,3
11,11.0,2010-02-13,E,E11,E11,3
6,126.0,2010-02-15,E,E6,E6D,0
7,577.7,2010-02-18,E,E7,E7DD,0
11,15.0,2010-02-22,E,E11,E11,0
8,25.0,2010-02-26,E,E8,E8,1
3,35.0,2010-02-27,E,E3,E3,1
3,31.1,2010-02-27,E,E3,E3,1
3,19.0,2010-02-27,E,E3,E3,1
3,10.0,2010-02-27,E,E3,E3,1
3,35.0,2010-02-27,E,E3,E3,1
3,35.0,2010-02-27,E,E3,E3,1
3,22.9,2010-02-27,E,E3,E3,1
3,35.0,2010-02-27,E,E3,E3,1
3,35.0,2010-02-27,E,E3,E3,1
3,35.0,2010-02-27,E,E3,E3,1
3,39.8,2010-02-27,E,E3,E3,1
3,35.0,2010-02-27,E,E3,E3,1
3,46.0,2010-02-28,E,E3,E3,1
3,20.0,2010-03-03,E,E3,E3,2
11,176.0,2010-03-04,E,E11,E11D,2
3,24.2,2010-03-04,E,E3,E3,2
3,114.0,2010-03-04,E,E3,E3D,2
8,21.0,2010-03-04,E,E8,E8,2
10,26.0,2010-03-05,E,E10,E10,2
3,18.0,2010-03-05,E,E3,E3,2
3,29.9,2010-03-05,E,E3,E3,2
4,18.0,2010-03-07,E,E4,E4,2
1,427.0,2010-03-08,E,E1,E1DD,2
9,12.0,2010-03-08,E,E9,E9,2
3,11.0,2010-03-11,E,E3,E3,3
3,18.0,2010-03-11,E,E3,E3,3
3,31.5,2010-03-11,E,E3,E3,3
6,53.0,2010-03-14,E,E6,E6,3
7,32.0,2010-03-14,E,E7,E7,3
3,14.0,2010-03-15,E,E3,E3,3
3,18.0,2010-03-16,E,E3,E3,0
11,414.6,2010-03-20,E,E11,E11DD,0
9,,2010-03-20,V,V9,V9,0
8,16.0,2010-03-25,E,E8,E8,1
3,42.0,2010-03-26,E,E3,E3,1
3,29.9,2010-03-28,E,E3,E3,1
10,34.0,2010-03-30,E,E10,E10,1
8,,2010-03-30,V,V8,V8,1
3,24.0,2010-04-02,E,E3,E3,2
0,9.99,2010-04-04,E,E0,E0,2
6,25.0,2010-04-05,E,E6,E6,2
10,31.0,2010-04-06,E,E10,E10,2
6,23.0,2010-04-07,E,E6,E6,2
9,,2010-04-08,V,V9,V9,2
11,273.2,2010-04-10,E,E11,E11D,3
11,21.0,2010-04-11,E,E11,E11,3
9,609.8,2010-04-11,E,E9,E9DD,3
7,,2010-04-11,V,V7,V7,3
8,17.0,2010-04-13,E,E8,E8,3
8,7.6,2010-04-14,E,E8,E8,3
11,53.0,2010-04-17,E,E11,E11,0
11,35.0,2010-04-21,E,E11,E11,0
3,32.0,2010-04-23,E,E3,E3,1
6,27.0,2010-04-24,E,E6,E6,1
8,22.0,2010-04-26,E,E8,E8,1
5,12.0,2010-04-30,E,E5,E5,1
5,14.9,2010-04-30,E,E5,E5,1
3,19.0,2010-05-03,E,E3,E3,2
7,84.0,2010-05-03,E,E7,E7D,2
1,,2010-05-03,V,V1,V1,2
10,27.0,2010-05-05,E,E10,E10,2
3,37.0,2010-05-06,E,E3,E3,2
10,38.0,2010-05-09,E,E10,E10,3
14,132.0,2010-05-19,E,E14,E14D,0
4,10.0,2010-05-19,E,E4,E4,0
4,10.0,2010-05-19,E,E4,E4,0
7,,2010-05-21,V,V7,V7,0
3,101.4,2010-05-23,E,E3,E3D,1
14,581.2,2010-05-24,E,E14,E14DD,1
9,10.0,2010-05-25,E,E9,E9,1
8,10.0,2010-05-26,E,E8,E8,1
11,,2010-05-26,V,V11,V11,1
11,31.0,2010-05-27,E,E11,E11,1
11,35.0,2010-05-27,E,E11,E11,1
1,,2010-05-27,V,V1,V1,1
5,,2010-05-30,V,V5,V5,1
10,112.0,2010-05-31,E,E10,E10D,2
6,20.0,2010-05-31,E,E6,E6,2
14,18.0,2010-06-01,E,E14,E14,2
7,,2010-06-06,V,V7,V7,2
11,12.0,2010-06-09,E,E11,E11,3
14,,2010-06-09,V,V14,V14,3
10,35.0,2010-06-12,E,E10,E10,3
6,18.0,2010-06-16,E,E6,E6,0
6,10.5,2010-06-16,E,E6,E6,0
6,13.0,2010-06-16,E,E6,E6,0
11,170.4,2010-06-17,E,E11,E11D,0
7,28.0,2010-06-18,E,E7,E7,0
11,40.0,2010-06-24,E,E11,E11,1
11,35.0,2010-06-26,E,E11,E11,1
0,20.0,2010-06-30,E,E0,E0,2
11,581.4,2010-06-30,E,E11,E11DD,2
7,,2010-06-30,V,V7,V7,2
11,29.0,2010-07-02,E,E11,E11,2
7,,2010-07-02,V,V7,V7,2
7,27.0,2010-07-04,E,E7,E7,2
1,13.0,2010-07-10,E,E1,E1,3
3,115.0,2010-07-12,E,E3,E3D,0
3,22.0,2010-07-14,E,E3,E3,0
11,28.0,2010-07-18,E,E11,E11,0
11,35.0,2010-07-18,E,E11,E11,0
5,14.0,2010-07-18,E,E5,E5,0
5,10.0,2010-07-18,E,E5,E5,0
11,24.0,2010-07-20,E,E11,E11,1
6,100.0,2010-07-21,E,E6,E6D,1
11,6.0,2010-07-22,E,E11,E11,1
6,578.0,2010-07-23,E,E6,E6DD,1
6,640.6,2010-07-23,E,E6,E6DD,1
6,607.1,2010-07-23,E,E6,E6DD,1
11,,2010-07-23,V,V11,V11,1
6,553.0,2010-07-24,E,E6,E6DD,1
6,618.0,2010-07-29,E,E6,E6DD,2
7,23.0,2010-07-30,E,E7,E7,2
6,41.0,2010-08-03,E,E6,E6,2
11,19.0,2010-08-04,E,E11,E11,2
11,220.0,2010-08-04,E,E11,E11D,2
11,44.0,2010-08-04,E,E11,E11,2
5,27.0,2010-08-04,E,E5,E5,2
7,27.8,2010-08-04,E,E7,E7,2
6,,2010-08-06,V,V6,V6,3
11,25.0,2010-08-10,E,E11,E11,3
11,,2010-08-10,V,V11,V11,3
14,206.7,2010-08-12,E,E14,E14D,0
1,16.0,2010-08-13,E,E1,E1,0
1,10.0,2010-08-14,E,E1,E1,0
1,13.0,2010-08-14,E,E1,E1,0
11,174.7,2010-08-15,E,E11,E11D,0
11,603.2,2010-08-16,E,E11,E11DD,0
2,9.8,2010-08-16,E,E2,E2,0
1,10.0,2010-08-18,E,E1,E1,0
11,19.0,2010-08-20,E,E11,E11,1
0,10.0,2010-08-24,E,E0,E0,1
14,,2010-08-25,V,V14,V14,1
9,,2010-08-25,V,V9,V9,1
10,,2010-08-27,V,V10,V10,2
11,12.0,2010-09-03,E,E11,E11,2
5,23.5,2010-09-03,E,E5,E5,2
11,69.0,2010-09-04,E,E11,E11,3
3,,2010-09-06,V,V3,V3,3
11,9.0,2010-09-07,E,E11,E11,3
11,10.0,2010-09-08,E,E11,E11,3
3,16.0,2010-09-09,E,E3,E3,0
13,220.1,2010-09-17,E,E13,E13D,1
10,,2010-09-17,V,V10,V10,1
6,30.0,2010-09-26,E,E6,E6,2
6,26.0,2010-09-29,E,E6,E6,2
6,10.0,2010-09-29,E,E6,E6,2
8,32.0,2010-10-04,E,E8,E8,3
5,19.0,2010-10-08,E,E5,E5,0
5,27.7,2010-10-08,E,E5,E5,0
6,120.0,2010-10-08,E,E6,E6D,0
2,,2010-10-14,V,V2,V2,0
0,13.0,2010-10-21,E,E0,E0,1
10,20.1,2010-10-25,E,E10,E10,2
10,26.0,2010-10-25,E,E10,E10,2
10,,2010-10-25,V,V10,V10,2
10,,2010-10-26,V,V10,V10,2
4,10.0,2010-10-30,E,E4,E4,2
11,18.0,2010-11-03,E,E11,E11,3
6,10.0,2010-11-03,E,E6,E6,3
6,,2010-11-06,V,V6,V6,3
2,10.0,2010-11-10,E,E2,E2,0
7,,2010-11-11,V,V7,V7,0
3,,2010-11-17,V,V3,V3,1
4,10.0,2010-11-21,E,E4,E4,1
14,,2010-11-22,V,V14,V14,1
11,68.0,2010-11-23,E,E11,E11,2
10,,2010-11-26,V,V10,V10,2
1,470.0,2010-11-30,E,E1,E1DD,2
11,15.2,2010-12-01,E,E11,E11,3
11,33.0,2010-12-02,E,E11,E11,3
3,29.4,2010-12-08,E,E3,E3,0
11,135.8,2010-12-13,E,E11,E11D,0
6,134.9,2010-12-15,E,E6,E6D,1
13,12.0,2010-12-20,E,E13,E13,1
1,14.0,2010-12-21,E,E1,E1,1
1,18.0,2010-12-22,E,E1,E1,2
7,18.0,2010-12-23,E,E7,E7,2
11,16.0,2010-12-25,E,E11,E11,2
11,13.0,2010-12-26,E,E11,E11,2
11,551.0,2010-12-28,E,E11,E11DD,2
11,16.0,2010-12-29,E,E11,E11,2
3,576.8,2011-01-01,E,E3,E3DD,3
3,24.0,2011-01-02,E,E3,E3,3
13,,2011-01-04,V,V13,V13,3
11,112.2,2011-01-05,E,E11,E11D,0
11,22.0,2011-01-09,E,E11,E11,0
11,18.0,2011-01-09,E,E11,E11,0
1,512.0,2011-01-12,E,E1,E1DD,0
11,9.0,2011-01-13,E,E11,E11,1
14,,2011-01-14,V,V14,V14,1
10,36.0,2011-01-17,E,E10,E10,1
13,68.0,2011-01-18,E,E13,E13,1
8,,2011-01-19,V,V8,V8,1
13,110.0,2011-01-24,E,E13,E13D,2
10,23.0,2011-01-26,E,E10,E10,2
13,10.0,2011-01-27,E,E13,E13,2
9,15.0,2011-01-29,E,E9,E9,3
11,76.0,2011-01-31,E,E11,E11D,3
11,10.0,2011-02-03,E,E11,E11,3
8,85.0,2011-02-04,E,E8,E8D,0
11,415.0,2011-02-07,E,E11,E11DD,0
6,523.2,2011-02-10,E,E6,E6DD,0
6,525.0,2011-02-10,E,E6,E6DD,0
3,26.0,2011-02-11,E,E3,E3,0
3,15.0,2011-02-11,E,E3,E3,0
11,85.0,2011-02-12,E,E11,E11D,1
3,16.0,2011-02-12,E,E3,E3,1
3,17.0,2011-02-13,E,E3,E3,1
3,21.0,2011-02-14,E,E3,E3,1
6,16.2,2011-02-15,E,E6,E6,1
3,,2011-02-17,V,V3,V3,1
7,33.0,2011-02-20,E,E7,E7,2
11,558.1,2011-02-21,E,E11,E11DD,2
11,5.9,2011-02-21,E,E11,E11,2
6,,2011-02-22,V,V6,V6,2
4,10.0,2011-03-01,E,E4,E4,3
3,118.0,2011-03-06,E,E3,E3D,0
3,87.7,2011-03-06,E,E3,E3D,0
11,22.0,2011-03-07,E,E11,E11,0
11,29.0,2011-03-09,E,E11,E11,0
7,15.0,2011-03-09,E,E7,E7,0
7,22.0,2011-03-09,E,E7,E7,0
7,32.0,2011-03-09,E,E7,E7,0
6,510.6,2011-03-10,E,E6,E6DD,0
7,28.4,2011-03-11,E,E7,E7,0
7,45.4,2011-03-11,E,E7,E7,0
7,49.2,2011-03-11,E,E7,E7,0
7,39.6,2011-03-11,E,E7,E7,0
7,41.0,2011-03-11,E,E7,E7,0
7,6.8,2011-03-11,E,E7,E7,0
7,17.0,2011-03-11,E,E7,E7,0
7,42.8,2011-03-11,E,E7,E7,0
7,37.3,2011-03-11,E,E7,E7,0
7,24.7,2011-03-11,E,E7,E7,0
7,26.5,2011-03-11,E,E7,E7,0
7,25.7,2011-03-11,E,E7,E7,0
7,23.7,2011-03-11,E,E7,E7,0
7,52.8,2011-03-11,E,E7,E7,0
7,9.3,2011-03-11,E,E7,E7,0
7,27.1,2011-03-11,E,E7,E7,0
7,39.5,2011-03-11,E,E7,E7,0
7,17.4,2011-03-11,E,E7,E7,0
7,27.6,2011-03-11,E,E7,E7,0
7,10.0,2011-03-11,E,E7,E7,0
7,35.9,2011-03-11,E,E7,E7,0
7,32.3,2011-03-11,E,E7,E7,0
7,29.0,2011-03-11,E,E7,E7,0
7,47.5,2011-03-11,E,E7,E7,0
7,50.7,2011-03-11,E,E7,E7,0
7,40.6,2011-03-11,E,E7,E7,0
7,42.7,2011-03-11,E,E7,E7,0
7,32.3,2011-03-11,E,E7,E7,0
7,2.8,2011-03-11,E,E7,E7,0
7,25.4,2011-03-11,E,E7,E7,0
7,40.1,2011-03-11,E,E7,E7,0
7,35.0,2011-03-11,E,E7,E7,0
7,42.6,2011-03-11,E,E7,E7,0
7,16.0,2011-03-11,E,E7,E7,0
7,49.3,2011-03-11,E,E7,E7,0
7,51.7,2011-03-11,E,E7,E7,0
7,56.3,2011-03-11,E,E7,E7,0
7,18.6,2011-03-11,E,E7,E7,0
7,40.6,2011-03-11,E,E7,E7,0
7,35.0,2011-03-11,E,E7,E7,0
7,11.7,2011-03-11,E,E7,E7,0
7,47.3,2011-03-11,E,E7,E7,0
6,,2011-03-11,V,V6,V6,0
7,38.0,2011-03-12,E,E7,E7,0
7,15.0,2011-03-12,E,E7,E7,0
7,20.0,2011-03-12,E,E7,E7,0
7,8.0,2011-03-13,E,E7,E7,1
7,14.0,2011-03-14,E,E7,E7,1
7,28.0,2011-03-15,E,E7,E7,1
7,9.0,2011-03-15,E,E7,E7,1
7,19.8,2011-03-15,E,E7,E7,1
11,17.0,2011-03-17,E,E11,E11,1
7,29.0,2011-03-17,E,E7,E7,1
8,35.0,2011-03-20,E,E8,E8,1
7,11.0,2011-03-22,E,E7,E7,2
7,31.0,2011-03-22,E,E7,E7,2
7,7.3,2011-03-22,E,E7,E7,2
8,8.0,2011-03-24,E,E8,E8,2
7,39.0,2011-03-25,E,E7,E7,2
11,10.0,2011-03-26,E,E11,E11,2
7,19.0,2011-03-27,E,E7,E7,2
7,15.0,2011-03-29,E,E7,E7,3
11,,2011-03-29,V,V11,V11,3
7,,2011-03-30,V,V7,V7,3
11,15.5,2011-03-31,E,E11,E11,3
7,42.0,2011-03-31,E,E7,E7,3
7,41.0,2011-04-01,E,E7,E7,3
9,59.9,2011-04-01,E,E9,E9,3
10,14.0,2011-04-03,E,E10,E10,3
11,551.7,2011-04-03,E,E11,E11DD,3
10,25.3,2011-04-06,E,E10,E10,0
5,,2011-04-06,V,V5,V5,0
0,166.2,2011-04-07,E,E0,E0D,0
7,42.0,2011-04-07,E,E7,E7,0
8,17.3,2011-04-09,E,E8,E8,0
7,15.0,2011-04-11,E,E7,E7,0
7,11.0,2011-04-11,E,E7,E7,0
7,11.0,2011-04-12,E,E7,E7,1
7,22.0,2011-04-13,E,E7,E7,1
11,86.0,2011-04-18,E,E11,E11D,1
7,43.0,2011-04-21,E,E7,E7,2
11,79.0,2011-04-23,E,E11,E11D,2
7,31.0,2011-04-23,E,E7,E7,2
1,,2011-04-23,V,V1,V1,2
6,8.0,2011-04-24,E,E6,E6,2
14,8.0,2011-04-30,E,E14,E14,3
7,11.0,2011-05-05,E,E7,E7,0
11,9.0,2011-05-09,E,E11,E11,0
11,11.0,2011-05-10,E,E11,E11,0
14,72.8,2011-05-13,E,E14,E14D,1
7,35.0,2011-05-13,E,E7,E7,1
13,207.3,2011-05-14,E,E13,E13D,1
14,,2011-05-14,V,V14,V14,1
11,40.0,2011-05-15,E,E11,E11,1
14,10.0,2011-05-15,E,E14,E14,1
8,,2011-05-15,V,V8,V8,1
9,,2011-05-21,V,V9,V9,2
3,21.0,2011-06-01,E,E3,E3,3
7,14.0,2011-06-03,E,E7,E7,0
11,,2011-06-04,V,V11,V11,0
3,,2011-06-04,V,V3,V3,0
11,3.0,2011-06-05,E,E11,E11,0
11,6.1,2011-06-13,E,E11,E11,1
6,61.1,2011-06-13,E,E6,E6,1
13,,2011-06-13,V,V13,V13,1
11,16.0,2011-06-16,E,E11,E11,1
3,128.0,2011-06-20,E,E3,E3D,2
11,14.0,2011-06-21,E,E11,E11,2
7,33.0,2011-06-22,E,E7,E7,2
2,,2011-06-22,V,V2,V2,2
5,52.0,2011-06-24,E,E5,E5,2
6,17.0,2011-06-26,E,E6,E6,3
6,,2011-06-26,V,V6,V6,3
6,,2011-07-03,V,V6,V6,0
11,17.0,2011-07-06,E,E11,E11,0
11,14.0,2011-07-09,E,E11,E11,0
7,23.0,2011-07-10,E,E7,E7,1
11,11.0,2011-07-11,E,E11,E11,1
6,19.0,2011-07-11,E,E6,E6,1
3,10.0,2011-07-15,E,E3,E3,1
3,20.0,2011-07-16,E,E3,E3,1
5,36.0,2011-07-16,E,E5,E5,1
13,20.0,2011-07-19,E,E13,E13,2
11,21.0,2011-07-20,E,E11,E11,2
5,,2011-07-20,V,V5,V5,2
11,612.1,2011-07-22,E,E11,E11DD,2
7,41.0,2011-07-23,E,E7,E7,2
7,35.0,2011-07-24,E,E7,E7,2
11,10.0,2011-07-25,E,E11,E11,2
0,12.0,2011-07-26,E,E0,E0,3
14,10.0,2011-07-27,E,E14,E14,3
11,523.0,2011-07-29,E,E11,E11DD,3
7,30.0,2011-07-30,E,E7,E7,3
11,10.0,2011-07-31,E,E11,E11,0
11,10.0,2011-07-31,E,E11,E11,0
10,,2011-07-31,V,V10,V10,0
10,,2011-08-03,V,V10,V10,0
7,36.0,2011-08-04,E,E7,E7,0
9,10.0,2011-08-10,E,E9,E9,1
14,,2011-08-15,V,V14,V14,1
6,35.0,2011-08-16,E,E6,E6,2
7,9.0,2011-08-17,E,E7,E7,2
11,407.9,2011-08-19,E,E11,E11DD,2
7,47.0,2011-08-19,E,E7,E7,2
11,32.0,2011-08-20,E,E11,E11,2
11,35.0,2011-08-20,E,E11,E11,2
11,28.0,2011-08-20,E,E11,E11,2
14,,2011-08-21,V,V14,V14,2
10,29.0,2011-08-22,E,E10,E10,2
7,12.0,2011-08-22,E,E7,E7,2
11,13.0,2011-08-24,E,E11,E11,3
14,147.0,2011-08-24,E,E14,E14D,3
6,469.8,2011-08-30,E,E6,E6DD,0
11,39.0,2011-09-01,E,E11,E11,0
3,578.9,2011-09-02,E,E3,E3DD,0
5,32.0,2011-09-02,E,E5,E5,0
11,185.1,2011-09-03,E,E11,E11D,0
3,84.0,2011-09-03,E,E3,E3D,0
10,91.0,2011-09-05,E,E10,E10D,0
11,37.0,2011-09-05,E,E11,E11,0
5,22.0,2011-09-09,E,E5,E5,1
11,14.0,2011-09-12,E,E11,E11,1
5,15.0,2011-09-14,E,E5,E5,1
11,10.0,2011-09-15,E,E11,E11,2
11,644.6,2011-09-15,E,E11,E11DD,2
7,28.0,2011-09-15,E,E7,E7,2
7,35.0,2011-09-16,E,E7,E7,2
7,18.0,2011-09-16,E,E7,E7,2
11,,2011-09-17,V,V11,V11,2
13,50.0,2011-09-18,E,E13,E13,2
11,10.0,2011-09-22,E,E11,E11,2
3,15.0,2011-10-06,E,E3,E3,1
11,36.0,2011-10-07,E,E11,E11,1
9,,2011-10-10,V,V9,V9,1
6,39.0,2011-10-13,E,E6,E6,1
11,37.0,2011-10-14,E,E11,E11,2
7,12.0,2011-10-14,E,E7,E7,2
11,26.0,2011-10-18,E,E11,E11,2
11,33.0,2011-10-21,E,E11,E11,2
7,187.0,2011-10-21,E,E7,E7D,2
13,16.0,2011-10-23,E,E13,E13,3
13,5.0,2011-10-23,E,E13,E13,3
3,,2011-10-26,V,V3,V3,3
11,602.9,2011-10-27,E,E11,E11DD,0
3,24.0,2011-10-28,E,E3,E3,0
0,10.0,2011-11-01,E,E0,E0,0
4,10.0,2011-11-02,E,E4,E4,0
9,,2011-11-06,V,V9,V9,1
14,177.0,2011-11-07,E,E14,E14D,1
8,224.9,2011-11-08,E,E8,E8D,1
4,10.0,2011-11-11,E,E4,E4,1
6,17.0,2011-11-14,E,E6,E6,2
14,26.6,2011-11-17,E,E14,E14,2
3,549.9,2011-11-22,E,E3,E3DD,3
7,34.0,2011-11-23,E,E7,E7,3
7,38.0,2011-11-24,E,E7,E7,3
11,25.0,2011-11-28,E,E11,E11,0
9,10.0,2011-11-29,E,E9,E9,0
8,9.0,2011-11-30,E,E8,E8,0
6,,2011-12-05,V,V6,V6,1
3,20.0,2011-12-07,E,E3,E3,1
0,54.2,2011-12-11,E,E0,E0,1
3,116.0,2011-12-11,E,E3,E3D,1
6,161.0,2011-12-13,E,E6,E6D,2
11,140.9,2011-12-14,E,E11,E11D,2
11,32.0,2011-12-15,E,E11,E11,2
13,,2011-12-18,V,V13,V13,2
11,90.0,2011-12-26,E,E11,E11D,0
13,15.0,2011-12-27,E,E13,E13,0
7,365.3,2012-01-01,E,E7,E7DD,0
6,,2012-01-02,V,V6,V6,1
11,28.0,2012-01-09,E,E11,E11,1
10,19.0,2012-01-10,E,E10,E10,2
14,,2012-01-12,V,V14,V14,2
3,10.0,2012-01-15,E,E3,E3,2
3,8.0,2012-01-15,E,E3,E3,2
0,45.0,2012-01-21,E,E0,E0,3
3,13.0,2012-01-22,E,E3,E3,3
3,20.0,2012-01-23,E,E3,E3,3
11,580.3,2012-01-24,E,E11,E11DD,0
3,43.0,2012-01-30,E,E3,E3,0
11,,2012-02-01,V,V11,V11,1
11,23.0,2012-02-02,E,E11,E11,1
11,8.0,2012-02-03,E,E11,E11,1
11,8.0,2012-02-05,E,E11,E11,1
11,145.0,2012-02-05,E,E11,E11D,1
6,11.0,2012-02-06,E,E6,E6,1
6,9.0,2012-02-06,E,E6,E6,1
11,582.3,2012-02-10,E,E11,E11DD,2
1,,2012-02-10,V,V1,V1,2
11,51.0,2012-02-14,E,E11,E11,2
5,,2012-02-18,V,V5,V5,3
14,,2012-02-19,V,V14,V14,3
14,,2012-02-22,V,V14,V14,0
11,10.0,2012-02-26,E,E11,E11,0
13,12.0,2012-02-26,E,E13,E13,0
10,,2012-03-01,V,V10,V10,1
11,14.0,2012-03-03,E,E11,E11,1
3,553.9,2012-03-05,E,E3,E3DD,1
11,16.0,2012-03-09,E,E11,E11,2
11,28.0,2012-03-14,E,E11,E11,2
7,12.0,2012-03-14,E,E7,E7,2
7,10.0,2012-03-14,E,E7,E7,2
7,10.0,2012-03-14,E,E7,E7,2
0,20.0,2012-03-20,E,E0,E0,3
6,66.0,2012-03-20,E,E6,E6,3
11,118.0,2012-03-21,E,E11,E11D,3
3,40.7,2012-03-25,E,E3,E3,0
0,10.0,2012-03-26,E,E0,E0,0
7,15.0,2012-03-27,E,E7,E7,0
0,9.0,2012-04-02,E,E0,E0,1
11,108.5,2012-04-06,E,E11,E11D,1
0,20.0,2012-04-11,E,E0,E0,2
10,20.0,2012-04-11,E,E10,E10,2
10,10.0,2012-04-11,E,E10,E10,2
10,25.1,2012-04-11,E,E10,E10,2
5,8.0,2012-04-11,E,E5,E5,2
0,13.0,2012-04-12,E,E0,E0,2
0,9.0,2012-04-12,E,E0,E0,2
11,11.0,2012-04-14,E,E11,E11,2
3,15.0,2012-04-14,E,E3,E3,2
10,25.0,2012-04-15,E,E10,E10,2
11,198.0,2012-04-17,E,E11,E11D,3
3,29.0,2012-04-17,E,E3,E3,3
3,12.0,2012-04-17,E,E3,E3,3
6,17.4,2012-04-21,E,E6,E6,3
6,16.0,2012-04-21,E,E6,E6,3
11,114.0,2012-04-23,E,E11,E11D,0
11,134.7,2012-04-28,E,E11,E11D,0
14,14.0,2012-05-01,E,E14,E14,1
11,,2012-05-03,V,V11,V11,1
11,,2012-05-07,V,V11,V11,1
6,,2012-05-08,V,V6,V6,2
14,,2012-05-13,V,V14,V14,2
3,105.9,2012-05-14,E,E3,E3D,2
6,,2012-05-14,V,V6,V6,2
3,10.0,2012-05-18,E,E3,E3,3
7,11.0,2012-05-20,E,E7,E7,3
9,6.3,2012-05-20,E,E9,E9,3
11,10.0,2012-05-23,E,E11,E11,0
7,46.0,2012-05-23,E,E7,E7,0
9,10.0,2012-05-24,E,E9,E9,0
1,487.4,2012-05-26,E,E1,E1DD,0
3,586.9,2012-05-28,E,E3,E3DD,0
3,527.0,2012-06-02,E,E3,E3DD,1
14,7.0,2012-06-04,E,E14,E14,1
14,7.0,2012-06-04,E,E14,E14,1
7,15.0,2012-06-05,E,E7,E7,1
3,8.0,2012-06-07,E,E3,E3,2
3,110.0,2012-06-07,E,E3,E3D,2
9,35.0,2012-06-10,E,E9,E9,2
7,36.0,2012-06-17,E,E7,E7,3
7,14.0,2012-06-19,E,E7,E7,3
10,95.0,2012-06-23,E,E10,E10D,0
7,10.0,2012-06-24,E,E7,E7,0
13,18.0,2012-06-29,E,E13,E13,1
3,,2012-06-30,V,V3,V3,1
11,229.8,2012-07-03,E,E11,E11D,1
11,160.1,2012-07-06,E,E11,E11D,2
7,20.0,2012-07-08,E,E7,E7,2
11,,2012-07-17,V,V11,V11,3
11,536.9,2012-07-18,E,E11,E11DD,3
7,19.0,2012-07-20,E,E7,E7,0
10,22.0,2012-07-25,E,E10,E10,0
11,20.0,2012-07-25,E,E11,E11,0
2,20.0,2012-07-26,E,E2,E2,0
11,41.0,2012-07-28,E,E11,E11,1
11,46.0,2012-08-02,E,E11,E11,1
14,144.6,2012-08-02,E,E14,E14D,1
11,,2012-08-03,V,V11,V11,1
11,,2012-08-06,V,V11,V11,2
11,,2012-08-07,V,V11,V11,2
6,,2012-08-08,V,V6,V6,2
5,13.0,2012-08-10,E,E5,E5,2
13,11.0,2012-08-11,E,E13,E13,2
13,12.0,2012-08-11,E,E13,E13,2
13,13.0,2012-08-12,E,E13,E13,2
7,583.2,2012-08-14,E,E7,E7DD,3
7,,2012-08-16,V,V7,V7,3
6,10.0,2012-08-18,E,E6,E6,0
11,73.0,2012-08-19,E,E11,E11D,0
6,91.1,2012-08-26,E,E6,E6D,1
14,28.0,2012-08-27,E,E14,E14,1
9,14.0,2012-08-30,E,E9,E9,1
6,28.0,2012-08-31,E,E6,E6,1
7,,2012-09-01,V,V7,V7,1
6,14.0,2012-09-03,E,E6,E6,2
11,27.0,2012-09-05,E,E11,E11,2
14,35.0,2012-09-05,E,E14,E14,2
2,,2012-09-05,V,V2,V2,2
6,21.0,2012-09-08,E,E6,E6,2
14,,2012-09-08,V,V14,V14,2
7,31.0,2012-09-09,E,E7,E7,2
10,19.0,2012-09-14,E,E10,E10,3
6,,2012-09-15,V,V6,V6,3
6,,2012-09-15,V,V6,V6,3
0,10.0,2012-09-25,E,E0,E0,1
5,16.0,2012-09-26,E,E5,E5,1
10,,2012-09-26,V,V10,V10,1
11,10.0,2012-09-27,E,E11,E11,1
14,170.0,2012-09-30,E,E14,E14D,1
7,15.0,2012-10-01,E,E7,E7,1
7,,2012-10-05,V,V7,V7,2
0,14.0,2012-10-08,E,E0,E0,2
6,10.0,2012-10-08,E,E6,E6,2
11,10.0,2012-10-09,E,E11,E11,2
6,13.0,2012-10-12,E,E6,E6,3
6,326.0,2012-10-17,E,E6,E6DD,0
11,36.0,2012-10-20,E,E11,E11,0
1,436.0,2012-10-23,E,E1,E1DD,0
14,17.0,2012-10-24,E,E14,E14,1
6,,2012-10-27,V,V6,V6,1
5,9.0,2012-10-28,E,E5,E5,1
5,0.0,2012-10-28,E,E5,E5,1
5,14.0,2012-10-28,E,E5,E5,1
5,5.0,2012-10-28,E,E5,E5,1
5,9.0,2012-10-30,E,E5,E5,1
5,0.0,2012-10-30,E,E5,E5,1
1,,2012-10-30,V,V1,V1,1
6,37.0,2012-11-02,E,E6,E6,2
11,,2012-11-06,V,V11,V11,2
14,24.0,2012-11-07,E,E14,E14,2
5,13.7,2012-11-08,E,E5,E5,2
14,129.0,2012-11-10,E,E14,E14D,3
14,20.0,2012-11-11,E,E14,E14,3
8,13.7,2012-11-11,E,E8,E8,3
7,,2012-11-11,V,V7,V7,3
5,10.93,2012-11-12,E,E5,E5,3
3,9.0,2012-11-13,E,E3,E3,3
3,63.0,2012-11-14,E,E3,E3,0
0,53.0,2012-11-15,E,E0,E0,0
7,29.0,2012-11-16,E,E7,E7,0
11,13.0,2012-11-19,E,E11,E11,0
11,,2012-11-21,V,V11,V11,0
3,516.6,2012-11-22,E,E3,E3DD,1
7,,2012-11-27,V,V7,V7,1
11,,2012-11-28,V,V11,V11,1
11,247.5,2012-11-29,E,E11,E11D,1
11,32.0,2012-12-02,E,E11,E11,2
11,167.5,2012-12-07,E,E11,E11D,2
7,32.0,2012-12-07,E,E7,E7,2
7,31.0,2012-12-07,E,E7,E7,2
6,155.0,2012-12-10,E,E6,E6D,3
6,29.7,2012-12-11,E,E6,E6,3
0,11.3,2012-12-14,E,E0,E0,0
0,11.0,2012-12-14,E,E0,E0,0
11,52.0,2012-12-15,E,E11,E11,0
5,26.0,2012-12-15,E,E5,E5,0
6,18.5,2012-12-17,E,E6,E6,0
11,234.6,2012-12-21,E,E11,E11D,0
11,188.0,2012-12-21,E,E11,E11D,0
3,,2012-12-22,V,V3,V3,1
10,28.6,2012-12-25,E,E10,E10,1
14,,2012-12-26,V,V14,V14,1
11,10.1,2012-12-29,E,E11,E11,1
5,10.0,2013-01-05,E,E5,E5,2
0,,2013-01-06,V,V0,V0,2
4,10.0,2013-01-15,E,E4,E4,0
11,,2013-01-19,V,V11,V11,0
10,11.6,2013-01-21,E,E10,E10,1
13,15.0,2013-01-28,E,E13,E13,2
11,,2013-01-29,V,V11,V11,2
11,11.0,2013-01-30,E,E11,E11,2
3,45.0,2013-01-30,E,E3,E3,2
11,9.2,2013-01-31,E,E11,E11,2
11,15.0,2013-02-01,E,E11,E11,2
11,10.0,2013-02-01,E,E11,E11,2
11,10.0,2013-02-01,E,E11,E11,2
11,3.2,2013-02-02,E,E11,E11,2
7,107.0,2013-02-02,E,E7,E7D,2
11,14.0,2013-02-06,E,E11,E11,3
11,10.1,2013-02-06,E,E11,E11,3
11,9.8,2013-02-06,E,E11,E11,3
11,10.0,2013-02-06,E,E11,E11,3
11,28.7,2013-02-06,E,E11,E11,3
11,10.14,2013-02-06,E,E11,E11,3
11,12.6,2013-02-06,E,E11,E11,3
11,8.0,2013-02-07,E,E11,E11,3
11,10.0,2013-02-07,E,E11,E11,3
11,15.9,2013-02-08,E,E11,E11,3
11,21.0,2013-02-08,E,E11,E11,3
11,15.6,2013-02-09,E,E11,E11,3
14,145.0,2013-02-09,E,E14,E14D,3
11,11.0,2013-02-10,E,E11,E11,3
1,,2013-02-13,V,V1,V1,0
7,9.9,2013-02-14,E,E7,E7,0
6,105.0,2013-02-16,E,E6,E6D,0
10,,2013-02-16,V,V10,V10,0
7,,2013-02-16,V,V7,V7,0
10,,2013-02-21,V,V10,V10,1
3,585.8,2013-02-22,E,E3,E3DD,1
7,41.0,2013-02-28,E,E7,E7,2
7,40.9,2013-03-01,E,E7,E7,2
7,29.0,2013-03-01,E,E7,E7,2
14,,2013-03-05,V,V14,V14,2
11,28.9,2013-03-10,E,E11,E11,3
11,10.0,2013-03-24,E,E11,E11,1
14,189.0,2013-03-25,E,E14,E14D,1
7,20.89,2013-04-01,E,E7,E7,2
3,,2013-04-02,V,V3,V3,2
7,561.9,2013-04-05,E,E7,E7DD,3
6,66.0,2013-04-06,E,E6,E6,3
13,10.0,2013-04-09,E,E13,E13,3
11,280.2,2013-04-13,E,E11,E11D,0
11,31.0,2013-04-14,E,E11,E11,0
13,82.0,2013-04-16,E,E13,E13D,0
6,13.0,2013-04-16,E,E6,E6,0
7,112.2,2013-04-19,E,E7,E7D,1
7,20.0,2013-04-19,E,E7,E7,1
7,18.0,2013-04-20,E,E7,E7,1
8,14.0,2013-04-20,E,E8,E8,1
7,421.9,2013-04-21,E,E7,E7DD,1
0,30.0,2013-04-22,E,E0,E0,1
11,23.3,2013-04-23,E,E11,E11,1
11,351.0,2013-04-26,E,E11,E11DD,1
11,349.02,2013-04-26,E,E11,E11DD,1
11,70.1,2013-05-07,E,E11,E11D,3
8,,2013-05-07,V,V8,V8,3
11,212.2,2013-05-11,E,E11,E11D,0
13,15.0,2013-05-11,E,E13,E13,0
5,,2013-05-13,V,V5,V5,0
1,602.3,2013-05-14,E,E1,E1DD,0
7,39.0,2013-05-18,E,E7,E7,0
3,10.0,2013-05-20,E,E3,E3,1
7,15.1,2013-05-21,E,E7,E7,1
7,36.7,2013-05-21,E,E7,E7,1
14,,2013-05-21,V,V14,V14,1
11,171.4,2013-05-23,E,E11,E11D,1
11,149.1,2013-05-23,E,E11,E11D,1
7,608.9,2013-05-24,E,E7,E7DD,1
7,623.0,2013-05-24,E,E7,E7DD,1
8,17.0,2013-06-02,E,E8,E8,2
8,,2013-06-04,V,V8,V8,3
11,39.0,2013-06-05,E,E11,E11,3
14,,2013-06-07,V,V14,V14,3
7,,2013-06-11,V,V7,V7,0
10,8.6,2013-06-13,E,E10,E10,0
5,,2013-06-13,V,V5,V5,0
11,195.0,2013-06-15,E,E11,E11D,0
14,35.81,2013-06-15,E,E14,E14,0
9,10.0,2013-06-15,E,E9,E9,0
9,26.0,2013-06-16,E,E9,E9,0
14,10.0,2013-06-24,E,E14,E14,1
10,10.0,2013-07-02,E,E10,E10,2
11,72.0,2013-07-04,E,E11,E11D,3
3,,2013-07-04,V,V3,V3,3
10,19.7,2013-07-06,E,E10,E10,3
11,62.03,2013-07-07,E,E11,E11,3
11,386.25,2013-07-07,E,E11,E11DD,3
11,,2013-07-08,V,V11,V11,3
3,30.98,2013-07-15,E,E3,E3,0
11,44.25,2013-07-16,E,E11,E11,0
3,6.59,2013-07-17,E,E3,E3,1
11,14.0,2013-07-21,E,E11,E11,1
2,10.0,2013-07-22,E,E2,E2,1
3,,2013-07-25,V,V3,V3,2
11,132.61,2013-07-26,E,E11,E11D,2
3,10.04,2013-07-26,E,E3,E3,2
11,31.65,2013-08-01,E,E11,E11,2
11,325.19,2013-08-12,E,E11,E11DD,0
14,10.0,2013-08-12,E,E14,E14,0
6,95.0,2013-08-12,E,E6,E6D,0
14,12.0,2013-08-13,E,E14,E14,0
7,,2013-08-15,V,V7,V7,1
11,8.2,2013-08-16,E,E11,E11,1
2,10.0,2013-08-17,E,E2,E2,1
6,,2013-08-20,V,V6,V6,1
0,21.0,2013-08-21,E,E0,E0,1
11,488.61,2013-08-28,E,E11,E11DD,2
5,33.53,2013-08-30,E,E5,E5,2
6,112.0,2013-09-01,E,E6,E6D,3
5,2.73,2013-09-03,E,E5,E5,3
9,,2013-09-03,V,V9,V9,3
5,9.92,2013-09-04,E,E5,E5,3
5,20.0,2013-09-04,E,E5,E5,3
5,17.0,2013-09-04,E,E5,E5,3
7,402.0,2013-09-04,E,E7,E7DD,3
14,10.0,2013-09-05,E,E14,E14,3
14,66.0,2013-09-07,E,E14,E14,0
4,10.52,2013-09-11,E,E4,E4,0
5,24.02,2013-09-15,E,E5,E5,1
10,,2013-09-15,V,V10,V10,1
6,549.92,2013-09-21,E,E6,E6DD,1
13,15.0,2013-09-24,E,E13,E13,2
3,40.0,2013-09-25,E,E3,E3,2
13,12.0,2013-09-28,E,E13,E13,2
13,,2013-09-28,V,V13,V13,2
11,41.54,2013-09-30,E,E11,E11,3
7,580.21,2013-10-01,E,E7,E7DD,3
2,12.72,2013-10-04,E,E2,E2,3
10,,2013-10-05,V,V10,V10,3
1,104.0,2013-10-06,E,E1,E1D,0
4,10.28,2013-10-06,E,E4,E4,0
11,151.0,2013-10-11,E,E11,E11D,0
14,63.0,2013-10-12,E,E14,E14,0
9,40.0,2013-10-12,E,E9,E9,0
10,,2013-10-12,V,V10,V10,0
6,22.76,2013-10-15,E,E6,E6,1
11,35.0,2013-10-16,E,E11,E11,1
0,9.45,2013-10-19,E,E0,E0,1
7,,2013-10-23,V,V7,V7,2
3,26.09,2013-10-24,E,E3,E3,2
7,25.67,2013-10-25,E,E7,E7,2
11,9.97,2013-10-29,E,E11,E11,2
3,17.87,2013-10-30,E,E3,E3,3
3,29.0,2013-10-31,E,E3,E3,3
8,12.0,2013-10-31,E,E8,E8,3
11,10.05,2013-11-02,E,E11,E11,3
4,9.96,2013-11-02,E,E4,E4,3
7,43.0,2013-11-12,E,E7,E7,1
3,11.07,2013-11-13,E,E3,E3,1
3,9.97,2013-11-16,E,E3,E3,1
3,10.0,2013-11-17,E,E3,E3,1
10,,2013-11-18,V,V10,V10,1
1,511.0,2013-11-19,E,E1,E1DD,1
6,59.77,2013-11-19,E,E6,E6,1
1,,2013-11-20,V,V1,V1,2
11,371.0,2013-11-23,E,E11,E11DD,2
3,10.0,2013-11-25,E,E3,E3,2
10,20.0,2013-12-01,E,E10,E10,3
6,9.96,2013-12-01,E,E6,E6,3
7,28.0,2013-12-08,E,E7,E7,0
1,9.0,2013-12-17,E,E1,E1,1
5,,2013-12-28,V,V5,V5,3
14,,2013-12-29,V,V14,V14,3
11,187.0,2014-01-01,E,E11,E11D,3
6,,2014-01-04,V,V6,V6,0
14,20.0,2014-01-13,E,E14,E14,1
8,,2014-01-13,V,V8,V8,1
11,28.0,2014-01-20,E,E11,E11,2
10,66.0,2014-01-25,E,E10,E10,2
9,12.44,2014-01-26,E,E9,E9,3
11,,2014-01-29,V,V11,V11,3
3,129.97,2014-02-01,E,E3,E3D,0
11,44.26,2014-02-02,E,E11,E11,0
9,5.0,2014-02-03,E,E9,E9,0
10,,2014-02-03,V,V10,V10,0
14,,2014-02-04,V,V14,V14,0
11,122.0,2014-02-07,E,E11,E11D,0
5,,2014-02-07,V,V5,V5,0
11,41.8,2014-02-09,E,E11,E11,1
6,,2014-02-09,V,V6,V6,1
13,10.0,2014-02-12,E,E13,E13,1
10,,2014-02-13,V,V10,V10,1
14,14.83,2014-02-18,E,E14,E14,2
5,265.0,2014-02-26,E,E5,E5D,3
14,20.53,2014-03-02,E,E14,E14,0
14,60.0,2014-03-02,E,E14,E14,0
8,119.0,2014-03-02,E,E8,E8D,0
11,638.0,2014-03-05,E,E11,E11DD,0
10,,2014-03-08,V,V10,V10,0
10,,2014-03-09,V,V10,V10,0
0,16.44,2014-03-10,E,E0,E0,1
11,7.0,2014-03-11,E,E11,E11,1
3,10.0,2014-03-11,E,E3,E3,1
7,79.0,2014-03-13,E,E7,E7D,1
14,29.0,2014-03-15,E,E14,E14,1
3,20.0,2014-03-15,E,E3,E3,1
3,20.0,2014-03-16,E,E3,E3,1
3,21.0,2014-03-17,E,E3,E3,1
10,10.0,2014-03-21,E,E10,E10,2
3,20.0,2014-03-22,E,E3,E3,2
3,21.0,2014-03-23,E,E3,E3,2
11,493.09,2014-03-26,E,E11,E11DD,3
11,,2014-03-26,V,V11,V11,3
10,,2014-03-31,V,V10,V10,0
3,25.0,2014-04-01,E,E3,E3,0
3,28.42,2014-04-01,E,E3,E3,0
14,25.0,2014-04-02,E,E14,E14,0
3,25.0,2014-04-03,E,E3,E3,0
3,35.0,2014-04-03,E,E3,E3,0
3,23.57,2014-04-03,E,E3,E3,0
11,57.0,2014-04-04,E,E11,E11,0
3,9.83,2014-04-04,E,E3,E3,0
14,13.0,2014-04-10,E,E14,E14,1
11,55.78,2014-04-11,E,E11,E11,1
11,20.0,2014-04-11,E,E11,E11,1
14,135.0,2014-04-11,E,E14,E14D,1
3,13.13,2014-04-11,E,E3,E3,1
11,22.56,2014-04-12,E,E11,E11,1
11,20.0,2014-04-12,E,E11,E11,1
11,38.4,2014-04-13,E,E11,E11,1
11,10.0,2014-04-13,E,E11,E11,1
2,11.74,2014-04-15,E,E2,E2,1
11,20.56,2014-04-17,E,E11,E11,2
0,24.0,2014-04-18,E,E0,E0,2
11,10.0,2014-04-18,E,E11,E11,2
11,30.87,2014-04-19,E,E11,E11,2
11,23.34,2014-04-19,E,E11,E11,2
11,20.0,2014-04-20,E,E11,E11,2
5,11.4,2014-04-24,E,E5,E5,3
1,,2014-04-24,V,V1,V1,3
11,45.0,2014-04-26,E,E11,E11,3
11,106.0,2014-05-01,E,E11,E11D,0
11,527.0,2014-05-04,E,E11,E11DD,0
11,634.21,2014-05-04,E,E11,E11DD,0
7,153.0,2014-05-04,E,E7,E7D,0
8,6.0,2014-05-05,E,E8,E8,0
4,16.83,2014-05-06,E,E4,E4,0
11,10.0,2014-05-07,E,E11,E11,0
0,17.09,2014-05-08,E,E0,E0,1
0,23.0,2014-05-10,E,E0,E0,1
4,10.47,2014-05-12,E,E4,E4,1
14,10.0,2014-05-13,E,E14,E14,1
1,10.0,2014-05-14,E,E1,E1,1
1,11.0,2014-05-15,E,E1,E1,1
6,15.46,2014-05-15,E,E6,E6,1
10,35.0,2014-05-18,E,E10,E10,2
10,47.23,2014-05-21,E,E10,E10,2
9,6.43,2014-05-24,E,E9,E9,3
6,,2014-05-30,V,V6,V6,0
9,,2014-05-30,V,V9,V9,0
0,5.0,2014-05-31,E,E0,E0,0
5,,2014-05-31,V,V5,V5,0
7,,2014-06-06,V,V7,V7,1
6,,2014-06-08,V,V6,V6,1
10,4.0,2014-06-14,E,E10,E10,2
11,36.0,2014-06-19,E,E11,E11,2
2,,2014-06-21,V,V2,V2,2
11,20.0,2014-06-23,E,E11,E11,3
11,10.0,2014-06-23,E,E11,E11,3
11,26.59,2014-06-23,E,E11,E11,3
5,109.0,2014-06-23,E,E5,E5D,3
5,102.85,2014-06-23,E,E5,E5D,3
5,101.88,2014-06-23,E,E5,E5D,3
5,106.6,2014-06-23,E,E5,E5D,3
5,4.0,2014-06-24,E,E5,E5,3
1,48.0,2014-06-29,E,E1,E1,0
11,9.0,2014-06-29,E,E11,E11,0
11,18.0,2014-06-29,E,E11,E11,0
3,8.0,2014-06-29,E,E3,E3,0
3,10.0,2014-06-29,E,E3,E3,0
1,511.0,2014-06-30,E,E1,E1DD,0
11,10.0,2014-07-02,E,E11,E11,0
11,35.0,2014-07-03,E,E11,E11,0
11,20.0,2014-07-04,E,E11,E11,0
3,,2014-07-04,V,V3,V3,0
10,20.0,2014-07-05,E,E10,E10,0
14,53.0,2014-07-07,E,E14,E14,1
11,,2014-07-07,V,V11,V11,1
11,110.24,2014-07-08,E,E11,E11D,1
7,20.0,2014-07-11,E,E7,E7,1
6,20.0,2014-07-14,E,E6,E6,2
5,10.0,2014-07-17,E,E5,E5,2
11,227.27,2014-07-19,E,E11,E11D,2
13,10.0,2014-07-19,E,E13,E13,2
7,61.0,2014-07-20,E,E7,E7,2
11,615.42,2014-07-21,E,E11,E11DD,2
5,10.0,2014-07-25,E,E5,E5,3
14,10.0,2014-07-27,E,E14,E14,0
0,107.0,2014-07-29,E,E0,E0D,0
11,9.77,2014-07-29,E,E11,E11,0
11,13.0,2014-08-03,E,E11,E11,0
8,12.0,2014-08-03,E,E8,E8,0
8,,2014-08-03,V,V8,V8,0
6,10.0,2014-08-06,E,E6,E6,1
7,41.0,2014-08-10,E,E7,E7,1
3,,2014-08-13,V,V3,V3,2
8,,2014-08-13,V,V8,V8,2
13,10.2,2014-08-18,E,E13,E13,2
13,5.0,2014-08-18,E,E13,E13,2
3,32.0,2014-08-23,E,E3,E3,3
0,11.12,2014-08-24,E,E0,E0,3
3,101.0,2014-08-24,E,E3,E3D,3
9,,2014-08-29,V,V9,V9,0
8,,2014-08-30,V,V8,V8,0
11,35.0,2014-09-04,E,E11,E11,1
0,17.0,2014-09-06,E,E0,E0,1
4,7.0,2014-09-06,E,E4,E4,1
11,,2014-09-06,V,V11,V11,1
6,35.0,2014-09-10,E,E6,E6,1
1,130.0,2014-09-17,E,E1,E1D,2
14,,2014-09-17,V,V14,V14,2
3,224.0,2014-09-24,E,E3,E3D,3
11,4.0,2014-09-25,E,E11,E11,0
5,108.9,2014-09-25,E,E5,E5D,0
7,,2014-09-27,V,V7,V7,0
11,42.0,2014-10-01,E,E11,E11,0
6,,2014-10-06,V,V6,V6,1
8,8.51,2014-10-07,E,E8,E8,1
0,10.0,2014-10-08,E,E0,E0,1
4,16.54,2014-10-09,E,E4,E4,1
4,10.0,2014-10-09,E,E4,E4,1
7,22.0,2014-10-11,E,E7,E7,2
14,40.0,2014-10-14,E,E14,E14,2
11,8.0,2014-10-28,E,E11,E11,0
14,,2014-10-29,V,V14,V14,0
11,434.0,2014-11-01,E,E11,E11DD,1
4,10.0,2014-11-01,E,E4,E4,1
11,10.0,2014-11-02,E,E11,E11,1
2,10.0,2014-11-03,E,E2,E2,1
11,53.19,2014-11-07,E,E11,E11,1
7,,2014-11-11,V,V7,V7,2
5,,2014-11-12,V,V5,V5,2
11,10.0,2014-11-13,E,E11,E11,2
6,45.0,2014-11-15,E,E6,E6,2
11,22.0,2014-11-16,E,E11,E11,2
2,10.0,2014-11-17,E,E2,E2,3
6,35.0,2014-11-21,E,E6,E6,3
7,9.0,2014-11-22,E,E7,E7,3
9,,2014-11-23,V,V9,V9,0
6,39.0,2014-11-26,E,E6,E6,0
6,614.0,2014-12-02,E,E6,E6DD,1
3,,2014-12-02,V,V3,V3,1
14,15.0,2014-12-06,E,E14,E14,1
6,116.0,2014-12-06,E,E6,E6D,1
11,23.0,2014-12-07,E,E11,E11,1
14,32.0,2014-12-07,E,E14,E14,1
14,20.0,2014-12-08,E,E14,E14,1
8,256.0,2014-12-10,E,E8,E8D,2
14,,2014-12-15,V,V14,V14,2
6,,2014-12-18,V,V6,V6,3
11,,2014-12-19,V,V11,V11,3
6,41.0,2014-12-21,E,E6,E6,3
6,8.0,2014-12-29,E,E6,E6,0
11,599.28,2014-12-30,E,E11,E11DD,0
7,,2015-01-01,V,V7,V7,1
6,,2015-01-06,V,V6,V6,1
14,8.0,2015-01-07,E,E14,E14,1
7,,2015-01-19,V,V7,V7,3
11,220.03,2015-01-23,E,E11,E11D,0
14,,2015-01-26,V,V14,V14,0
11,484.12,2015-01-28,E,E11,E11DD,0
11,7.08,2015-01-30,E,E11,E11,1
6,,2015-02-01,V,V6,V6,1
3,172.0,2015-02-02,E,E3,E3D,1
2,,2015-02-04,V,V2,V2,1
3,223.0,2015-02-11,E,E3,E3D,2
8,29.67,2015-02-13,E,E8,E8,2
9,16.68,2015-02-13,E,E9,E9,2
3,13.0,2015-02-16,E,E3,E3,3
7,23.0,2015-02-16,E,E7,E7,3
7,,2015-02-16,V,V7,V7,3
11,10.0,2015-02-18,E,E11,E11,3
11,10.0,2015-02-19,E,E11,E11,0
7,10.0,2015-02-20,E,E7,E7,0
7,7.0,2015-02-21,E,E7,E7,0
0,5.0,2015-02-22,E,E0,E0,0
6,550.73,2015-02-27,E,E6,E6DD,1
10,28.0,2015-03-03,E,E10,E10,1
14,,2015-03-08,V,V14,V14,2
14,155.0,2015-03-10,E,E14,E14D,2
6,31.0,2015-03-15,E,E6,E6,3
6,44.0,2015-03-17,E,E6,E6,3
3,,2015-03-17,V,V3,V3,3
3,13.0,2015-03-18,E,E3,E3,3
3,130.0,2015-03-23,E,E3,E3D,0
11,41.0,2015-03-29,E,E11,E11,1
11,11.5,2015-03-30,E,E11,E11,1
11,15.5,2015-03-30,E,E11,E11,1
14,,2015-04-06,V,V14,V14,2
11,30.0,2015-04-07,E,E11,E11,2
9,20.0,2015-04-16,E,E9,E9,3
11,10.0,2015-04-17,E,E11,E11,3
8,29.0,2015-04-20,E,E8,E8,0
8,29.0,2015-04-20,E,E8,E8,0
8,29.0,2015-04-20,E,E8,E8,0
11,72.0,2015-04-22,E,E11,E11D,0
14,,2015-04-22,V,V14,V14,0
3,,2015-04-22,V,V3,V3,0
5,,2015-04-23,V,V5,V5,0
11,52.0,2015-04-24,E,E11,E11,0
5,10.0,2015-04-24,E,E5,E5,0
13,10.0,2015-04-25,E,E13,E13,0
13,10.0,2015-04-25,E,E13,E13,0
13,15.0,2015-04-25,E,E13,E13,0
13,24.79,2015-04-26,E,E13,E13,0
11,579.35,2015-04-28,E,E11,E11DD,1
11,48.88,2015-04-30,E,E11,E11,1
11,44.0,2015-05-01,E,E11,E11,1
11,35.0,2015-05-01,E,E11,E11,1
6,,2015-05-01,V,V6,V6,1
11,24.0,2015-05-03,E,E11,E11,1
11,55.0,2015-05-05,E,E11,E11,2
11,10.0,2015-05-07,E,E11,E11,2
7,6.0,2015-05-10,E,E7,E7,2
14,,2015-05-11,V,V14,V14,2
13,15.0,2015-05-12,E,E13,E13,2
13,15.0,2015-05-12,E,E13,E13,2
7,35.0,2015-05-12,E,E7,E7,2
10,151.0,2015-05-15,E,E10,E10D,3
4,7.2,2015-05-19,E,E4,E4,0
11,203.0,2015-05-20,E,E11,E11D,0
11,11.0,2015-05-20,E,E11,E11,0
6,,2015-05-20,V,V6,V6,0
11,10.0,2015-05-22,E,E11,E11,0
11,11.24,2015-05-22,E,E11,E11,0
11,10.0,2015-05-24,E,E11,E11,0
3,10.0,2015-05-24,E,E3,E3,0
14,,2015-05-25,V,V14,V14,0
5,72.6,2015-05-29,E,E5,E5D,1
8,,2015-05-29,V,V8,V8,1
1,664.0,2015-05-30,E,E1,E1DD,1
11,10.0,2015-05-30,E,E11,E11,1
7,5.74,2015-05-30,E,E7,E7,1
6,10.0,2015-06-04,E,E6,E6,2
14,,2015-06-06,V,V14,V14,2
7,42.0,2015-06-08,E,E7,E7,2
3,124.0,2015-06-10,E,E3,E3D,2
11,48.0,2015-06-12,E,E11,E11,3
5,,2015-06-14,V,V5,V5,3
7,,2015-06-16,V,V7,V7,3
3,10.0,2015-06-17,E,E3,E3,0
3,10.0,2015-06-20,E,E3,E3,0
11,562.09,2015-06-21,E,E11,E11DD,0
1,460.0,2015-06-23,E,E1,E1DD,0
11,10.0,2015-06-25,E,E11,E11,1
7,,2015-06-29,V,V7,V7,1
11,35.0,2015-06-30,E,E11,E11,1
11,12.0,2015-07-01,E,E11,E11,1
13,20.0,2015-07-03,E,E13,E13,2
6,32.0,2015-07-03,E,E6,E6,2
7,49.0,2015-07-07,E,E7,E7,2
6,,2015-07-07,V,V6,V6,2
3,,2015-07-09,V,V3,V3,2
11,12.0,2015-07-10,E,E11,E11,2
14,17.03,2015-07-16,E,E14,E14,3
6,,2015-07-16,V,V6,V6,3
11,10.0,2015-07-18,E,E11,E11,0
14,,2015-07-23,V,V14,V14,0
5,29.0,2015-07-27,E,E5,E5,1
6,48.0,2015-07-27,E,E6,E6,1
5,119.3,2015-07-29,E,E5,E5D,1
11,269.0,2015-08-06,E,E11,E11D,2
11,22.0,2015-08-10,E,E11,E11,3
11,6.43,2015-08-12,E,E11,E11,3
2,10.0,2015-08-13,E,E2,E2,3
11,8.0,2015-08-15,E,E11,E11,0
14,,2015-08-15,V,V14,V14,0
7,,2015-08-28,V,V7,V7,1
6,,2015-08-30,V,V6,V6,1
7,8.0,2015-09-01,E,E7,E7,2
8,,2015-09-03,V,V8,V8,2
11,17.0,2015-09-07,E,E11,E11,2
5,20.0,2015-09-10,E,E5,E5,3
0,10.0,2015-09-13,E,E0,E0,3
11,6.0,2015-09-16,E,E11,E11,0
3,28.41,2015-09-16,E,E3,E3,0
3,35.0,2015-09-16,E,E3,E3,0
3,26.7,2015-09-16,E,E3,E3,0
3,19.1,2015-09-16,E,E3,E3,0
3,22.44,2015-09-16,E,E3,E3,0
6,39.47,2015-09-16,E,E6,E6,0
3,42.32,2015-09-17,E,E3,E3,0
3,27.0,2015-09-17,E,E3,E3,0
3,23.0,2015-09-17,E,E3,E3,0
14,10.0,2015-09-18,E,E14,E14,0
3,8.65,2015-09-18,E,E3,E3,0
3,18.0,2015-09-19,E,E3,E3,0
3,6.0,2015-09-19,E,E3,E3,0
3,30.0,2015-09-21,E,E3,E3,0
3,35.0,2015-09-21,E,E3,E3,0
3,63.3,2015-09-22,E,E3,E3,1
14,,2015-09-23,V,V14,V14,1
6,18.0,2015-09-24,E,E6,E6,1
3,38.07,2015-09-26,E,E3,E3,1
3,,2015-09-30,V,V3,V3,2
7,,2015-10-02,V,V7,V7,2
3,,2015-10-06,V,V3,V3,2
4,10.0,2015-10-11,E,E4,E4,3
7,12.0,2015-10-14,E,E7,E7,0
14,,2015-10-17,V,V14,V14,0
11,12.0,2015-10-18,E,E11,E11,0
11,135.0,2015-10-20,E,E11,E11D,0
2,10.0,2015-10-23,E,E2,E2,1
2,11.0,2015-10-23,E,E2,E2,1
14,,2015-10-23,V,V14,V14,1
6,,2015-10-25,V,V6,V6,1
13,212.52,2015-10-26,E,E13,E13D,1
3,,2015-10-30,V,V3,V3,2
6,20.0,2015-11-04,E,E6,E6,2
3,13.0,2015-11-07,E,E3,E3,3
3,46.0,2015-11-07,E,E3,E3,3
10,10.0,2015-11-08,E,E10,E10,3
5,15.0,2015-11-09,E,E5,E5,3
3,12.0,2015-11-11,E,E3,E3,3
3,10.0,2015-11-11,E,E3,E3,3
10,,2015-11-12,V,V10,V10,0
8,12.0,2015-11-13,E,E8,E8,0
10,,2015-11-14,V,V10,V10,0
9,11.0,2015-11-17,E,E9,E9,0
11,14.2,2015-11-18,E,E11,E11,0
6,82.0,2015-11-21,E,E6,E6D,1
1,586.93,2015-11-24,E,E1,E1DD,1
3,605.72,2015-11-24,E,E3,E3DD,1
3,611.71,2015-11-24,E,E3,E3DD,1
6,,2015-11-24,V,V6,V6,1
3,599.35,2015-11-26,E,E3,E3DD,1
3,35.0,2015-11-27,E,E3,E3,1
14,,2015-12-01,V,V14,V14,2
9,,2015-12-02,V,V9,V9,2
2,35.0,2015-12-04,E,E2,E2,2
13,33.0,2015-12-07,E,E13,E13,3
11,10.0,2015-12-09,E,E11,E11,3
6,21.0,2015-12-09,E,E6,E6,3
14,,2015-12-11,V,V14,V14,3
0,85.95,2015-12-17,E,E0,E0D,0
11,10.0,2015-12-19,E,E11,E11,0
6,6.93,2015-12-20,E,E6,E6,1
4,12.28,2015-12-24,E,E4,E4,1
13,206.0,2015-12-25,E,E13,E13D,1
11,10.0,2016-01-01,E,E11,E11,2
6,,2016-01-02,V,V6,V6,2
13,55.0,2016-01-03,E,E13,E13,2
4,10.0,2016-01-05,E,E4,E4,3
3,,2016-01-08,V,V3,V3,3
6,13.0,2016-01-11,E,E6,E6,0
7,238.81,2016-01-11,E,E7,E7D,0
14,,2016-01-12,V,V14,V14,0
3,582.56,2016-01-14,E,E3,E3DD,0
7,46.0,2016-01-14,E,E7,E7,0
0,10.0,2016-01-21,E,E0,E0,1
5,125.6,2016-01-24,E,E5,E5D,1
9,12.0,2016-01-25,E,E9,E9,1
7,163.22,2016-01-30,E,E7,E7D,2
11,10.0,2016-01-31,E,E11,E11,2
11,391.0,2016-02-01,E,E11,E11DD,2
14,,2016-02-02,V,V14,V14,2
8,23.0,2016-02-05,E,E8,E8,3
11,29.0,2016-02-08,E,E11,E11,3
3,29.0,2016-02-10,E,E3,E3,0
6,28.0,2016-02-12,E,E6,E6,0
11,10.0,2016-02-15,E,E11,E11,0
4,13.0,2016-02-16,E,E4,E4,0
6,10.0,2016-02-17,E,E6,E6,1
7,,2016-02-21,V,V7,V7,1
6,,2016-02-22,V,V6,V6,1
11,10.0,2016-02-27,E,E11,E11,2
10,24.0,2016-03-02,E,E10,E10,2
11,,2016-03-03,V,V11,V11,2
11,,2016-03-04,V,V11,V11,3
8,,2016-03-04,V,V8,V8,3
5,19.0,2016-03-12,E,E5,E5,0
14,26.0,2016-03-19,E,E14,E14,1
5,17.0,2016-03-19,E,E5,E5,1
7,30.0,2016-03-20,E,E7,E7,1
5,,2016-03-27,V,V5,V5,2
7,,2016-03-29,V,V7,V7,2
10,,2016-03-31,V,V10,V10,2
11,6.0,2016-04-01,E,E11,E11,2
5,11.4,2016-04-02,E,E5,E5,2
11,,2016-04-02,V,V11,V11,2
11,26.0,2016-04-03,E,E11,E11,3
3,,2016-04-03,V,V3,V3,3
10,29.0,2016-04-06,E,E10,E10,3
11,24.0,2016-04-06,E,E11,E11,3
11,27.59,2016-04-07,E,E11,E11,3
13,212.0,2016-04-10,E,E13,E13D,0
6,17.0,2016-04-13,E,E6,E6,0
8,136.0,2016-04-13,E,E8,E8D,0
11,16.0,2016-04-14,E,E11,E11,0
8,9.0,2016-04-14,E,E8,E8,0
8,8.0,2016-04-14,E,E8,E8,0
14,25.0,2016-04-15,E,E14,E14,0
8,10.0,2016-04-15,E,E8,E8,0
14,21.0,2016-04-16,E,E14,E14,1
5,,2016-04-16,V,V5,V5,1
3,14.0,2016-04-19,E,E3,E3,1
14,14.0,2016-04-20,E,E14,E14,1
14,10.0,2016-04-20,E,E14,E14,1
14,10.0,2016-04-22,E,E14,E14,1
14,,2016-04-22,V,V14,V14,1
3,,2016-04-24,V,V3,V3,2
0,16.0,2016-04-27,E,E0,E0,2
11,,2016-04-27,V,V11,V11,2
11,24.0,2016-04-28,E,E11,E11,2
0,10.0,2016-04-29,E,E0,E0,2
14,29.95,2016-05-18,E,E14,E14,1
14,16.0,2016-05-18,E,E14,E14,1
6,10.0,2016-05-20,E,E6,E6,1
11,567.48,2016-05-27,E,E11,E11DD,2
11,405.58,2016-05-28,E,E11,E11DD,2
3,78.0,2016-05-28,E,E3,E3D,2
8,244.11,2016-05-31,E,E8,E8D,3
10,50.0,2016-06-01,E,E10,E10,3
6,429.62,2016-06-05,E,E6,E6DD,3
11,43.83,2016-06-06,E,E11,E11,0
0,10.0,2016-06-07,E,E0,E0,0
6,30.68,2016-06-07,E,E6,E6,0
6,19.0,2016-06-09,E,E6,E6,0
11,30.4,2016-06-10,E,E11,E11,0
14,10.0,2016-06-10,E,E14,E14,0
11,111.0,2016-06-14,E,E11,E11D,1
11,13.0,2016-06-19,E,E11,E11,1
11,15.0,2016-06-20,E,E11,E11,1
11,365.31,2016-06-21,E,E11,E11DD,1
14,10.0,2016-06-21,E,E14,E14,1
13,15.5,2016-06-26,E,E13,E13,2
