cluster,depth,mag,startday,startmonth,startyear,type
6,33.0,7.5,1,1,2001,E
6,33.0,6.8,1,1,2001,E
6,33.0,6.4,2,1,2001,E
11,33.0,6.0,2,1,2001,E
11,103.0,7.1,9,1,2001,E
5,36.38,6.93,10,1,2001,E
5,10.0,6.0,11,1,2001,E
14,60.0,7.7,13,1,2001,E
2,10.0,6.4,15,1,2001,E
10,33.0,6.0,16,1,2001,E
10,28.0,6.9,16,1,2001,E
0,93.2,6.0,19,1,2001,E
11,50.0,6.3,19,1,2001,E
3,33.0,6.0,19,1,2001,E
13,16.0,7.7,26,1,2001,E
6,33.0,6.2,29,1,2001,E
5,33.0,6.0,1,2,2001,E
14,10.0,6.6,13,2,2001,E
10,36.0,7.4,13,2,2001,E
11,10.0,6.1,14,2,2001,E
11,10.0,6.2,14,2,2001,E
6,521.0,6.1,16,2,2001,E
5,20.0,6.2,17,2,2001,E
2,10.0,6.0,18,2,2001,E
6,35.0,7.1,24,2,2001,E
6,33.0,6.2,24,2,2001,E
13,202.5,6.2,25,2,2001,E
7,392.0,6.1,26,2,2001,E
11,10.0,6.7,28,2,2001,E
11,10.0,6.3,28,2,2001,E
14,65.3,6.1,28,2,2001,E
12,51.9,6.8,28,2,2001,E
11,10.0,6.4,6,3,2001,E
9,10.0,6.0,7,3,2001,E
6,109.4,6.0,14,3,2001,E
10,33.0,6.0,15,3,2001,E
3,37.0,6.0,15,3,2001,E
6,33.0,6.5,19,3,2001,E
7,33.0,6.0,23,3,2001,E
7,50.0,6.8,24,3,2001,E
6,33.0,6.4,4,4,2001,E
11,33.0,6.2,7,4,2001,E
3,11.0,6.7,9,4,2001,E
3,26.0,6.2,13,4,2001,E
7,10.0,6.0,14,4,2001,E
11,12.0,6.0,19,4,2001,E
11,20.0,6.2,19,4,2001,E
11,17.0,6.7,19,4,2001,E
7,86.0,6.0,26,4,2001,E
11,351.8,6.9,28,4,2001,E
0,10.0,6.2,29,4,2001,E
4,10.0,6.2,7,5,2001,E
11,67.9,6.3,9,5,2001,E
11,368.7,6.0,19,5,2001,E
0,33.0,6.3,20,5,2001,E
7,33.0,6.7,25,5,2001,E
10,143.1,6.3,25,5,2001,E
11,406.5,6.4,26,5,2001,E
6,33.0,6.0,28,5,2001,E
11,14.0,6.4,29,5,2001,E
11,178.1,7.2,3,6,2001,E
11,10.0,6.4,5,6,2001,E
11,10.0,6.0,5,6,2001,E
5,18.0,6.5,14,6,2001,E
1,33.0,6.0,15,6,2001,E
13,10.0,6.0,15,6,2001,E
11,10.0,6.0,16,6,2001,E
3,146.6,6.0,19,6,2001,E
3,33.0,8.4,23,6,2001,E
3,33.0,6.1,23,6,2001,E
7,33.0,6.0,24,6,2001,E
3,24.0,6.7,26,6,2001,E
4,10.0,6.1,26,6,2001,E
3,273.9,6.1,29,6,2001,E
11,28.0,6.1,1,7,2001,E
1,290.0,6.5,3,7,2001,E
11,184.6,6.5,4,7,2001,E
3,33.0,6.2,4,7,2001,E
3,62.0,6.6,5,7,2001,E
3,33.0,7.6,7,7,2001,E
11,10.0,6.2,8,7,2001,E
6,33.0,6.0,22,7,2001,E
3,33.0,6.4,24,7,2001,E
9,10.0,6.5,26,7,2001,E
5,131.85,6.34,28,7,2001,E
7,14.0,6.3,2,8,2001,E
4,10.0,6.7,6,8,2001,E
7,38.0,6.4,13,8,2001,E
11,33.0,7.1,21,8,2001,E
11,10.0,6.2,23,8,2001,E
14,24.5,6.1,25,8,2001,E
6,33.0,6.1,27,8,2001,E
10,10.0,6.1,2,9,2001,E
4,10.0,6.3,2,9,2001,E
6,33.0,6.5,11,9,2001,E
11,608.1,6.5,12,9,2001,E
5,10.0,6.0,14,9,2001,E
11,10.0,6.0,15,9,2001,E
6,131.8,6.0,18,9,2001,E
11,33.0,6.4,29,9,2001,E
11,33.0,6.2,30,9,2001,E
11,106.9,6.2,2,10,2001,E
6,10.0,6.2,7,10,2001,E
7,48.5,6.5,8,10,2001,E
7,33.0,6.4,8,10,2001,E
5,20.0,6.1,12,10,2001,E
1,37.0,7.0,12,10,2001,E
6,33.0,6.0,13,10,2001,E
14,33.0,6.0,17,10,2001,E
6,33.0,7.5,19,10,2001,E
11,18.0,6.7,21,10,2001,E
11,33.0,6.1,26,10,2001,E
11,33.0,7.0,31,10,2001,E
11,564.1,6.3,5,11,2001,E
14,10.0,6.1,9,11,2001,E
0,33.0,6.1,13,11,2001,E
7,33.0,6.0,13,11,2001,E
7,33.0,6.0,13,11,2001,E
13,10.0,7.8,14,11,2001,E
9,10.0,6.3,15,11,2001,E
6,33.0,6.2,20,11,2001,E
11,10.0,6.3,22,11,2001,E
11,10.0,6.2,22,11,2001,E
13,106.5,6.1,23,11,2001,E
11,10.0,6.0,27,11,2001,E
0,84.9,6.4,28,11,2001,E
11,100.5,6.0,2,12,2001,E
7,123.8,6.5,2,12,2001,E
11,10.0,6.4,3,12,2001,E
8,33.0,6.2,8,12,2001,E
6,156.3,6.1,9,12,2001,E
11,33.0,6.1,12,12,2001,E
6,10.0,7.1,12,12,2001,E
8,14.0,6.8,18,12,2001,E
11,74.2,6.0,22,12,2001,E
11,16.0,6.8,23,12,2001,E
11,153.2,6.2,27,12,2001,E
14,160.6,6.0,28,12,2001,E
4,10.0,6.0,1,1,2002,E
6,138.1,6.3,1,1,2002,E
11,665.8,6.2,2,1,2002,E
11,21.0,7.2,2,1,2002,E
13,129.3,6.2,3,1,2002,E
11,10.0,6.6,3,1,2002,E
6,11.0,6.7,10,1,2002,E
11,43.6,6.4,13,1,2002,E
11,10.0,6.0,15,1,2002,E
10,10.0,6.1,15,1,2002,E
11,41.1,6.2,15,1,2002,E
0,80.2,6.4,16,1,2002,E
9,88.0,6.2,22,1,2002,E
7,33.0,6.1,28,1,2002,E
11,33.0,6.2,28,1,2002,E
11,33.0,6.0,30,1,2002,E
9,5.0,6.5,3,2,2002,E
9,10.0,6.0,3,2,2002,E
11,39.0,6.6,5,2,2002,E
4,10.0,6.0,15,2,2002,E
11,10.0,6.1,19,2,2002,E
11,40.2,6.3,28,2,2002,E
13,209.0,6.3,3,3,2002,E
13,225.6,7.4,3,3,2002,E
6,31.0,7.5,5,3,2002,E
6,23.3,6.0,8,3,2002,E
3,118.4,6.0,9,3,2002,E
2,10.0,6.0,17,3,2002,E
6,148.1,6.1,19,3,2002,E
13,8.0,6.1,25,3,2002,E
8,33.0,6.4,26,3,2002,E
3,125.1,6.5,28,3,2002,E
8,32.8,7.1,31,3,2002,E
11,10.0,6.2,7,4,2002,E
11,10.0,6.2,8,4,2002,E
11,10.0,6.2,11,4,2002,E
0,24.9,6.8,18,4,2002,E
3,62.0,6.7,18,4,2002,E
11,33.0,6.0,20,4,2002,E
4,10.0,6.2,24,4,2002,E
1,85.7,7.1,26,4,2002,E
11,130.8,6.2,8,5,2002,E
2,10.0,6.2,14,5,2002,E
8,10.0,6.2,15,5,2002,E
3,52.1,6.0,23,5,2002,E
5,33.0,6.4,25,5,2002,E
3,22.2,6.0,28,5,2002,E
8,33.0,6.1,28,5,2002,E
11,10.0,6.3,6,6,2002,E
1,33.0,6.1,10,6,2002,E
2,10.0,6.6,13,6,2002,E
14,35.0,6.4,16,6,2002,E
4,10.0,6.0,17,6,2002,E
11,33.0,6.7,17,6,2002,E
3,54.0,6.6,18,6,2002,E
11,33.0,6.0,21,6,2002,E
13,10.0,6.5,22,6,2002,E
10,11.0,6.5,27,6,2002,E
11,186.7,6.0,27,6,2002,E
7,566.0,7.3,28,6,2002,E
11,33.0,6.2,29,6,2002,E
11,620.4,6.5,30,6,2002,E
11,31.2,6.2,3,7,2002,E
4,10.0,6.1,19,7,2002,E
3,33.0,6.2,30,7,2002,E
14,10.0,6.5,31,7,2002,E
7,426.1,6.3,2,8,2002,E
3,10.0,6.0,4,8,2002,E
14,10.0,6.0,7,8,2002,E
11,364.1,6.1,9,8,2002,E
11,112.2,6.0,12,8,2002,E
1,10.0,6.3,14,8,2002,E
1,30.0,6.5,14,8,2002,E
6,10.0,6.2,15,8,2002,E
11,580.0,7.7,19,8,2002,E
11,675.4,7.7,19,8,2002,E
11,677.4,6.1,19,8,2002,E
7,9.0,6.3,20,8,2002,E
7,42.6,6.1,24,8,2002,E
13,10.0,6.0,1,9,2002,E
9,5.0,6.0,6,9,2002,E
11,209.9,6.0,7,9,2002,E
11,618.8,6.0,8,9,2002,E
6,13.0,7.6,8,9,2002,E
10,21.0,6.5,13,9,2002,E
7,586.3,6.4,15,9,2002,E
6,10.0,6.3,16,9,2002,E
6,10.0,6.0,17,9,2002,E
6,10.0,6.0,20,9,2002,E
6,10.0,6.4,20,9,2002,E
3,119.6,6.3,24,9,2002,E
11,10.0,6.1,24,9,2002,E
11,10.0,6.3,24,9,2002,E
11,19.0,6.3,24,9,2002,E
0,10.0,6.5,3,10,2002,E
6,315.8,6.0,3,10,2002,E
11,621.1,6.3,4,10,2002,E
6,10.0,6.3,6,10,2002,E
2,10.0,6.0,8,10,2002,E
6,10.0,7.6,10,10,2002,E
6,10.0,6.7,10,10,2002,E
6,10.0,6.0,10,10,2002,E
6,10.0,6.0,10,10,2002,E
14,534.3,6.9,12,10,2002,E
8,33.0,6.1,12,10,2002,E
11,10.0,6.1,13,10,2002,E
7,61.4,6.1,14,10,2002,E
7,102.4,6.2,16,10,2002,E
11,33.0,6.0,16,10,2002,E
11,627.6,6.2,17,10,2002,E
6,33.0,6.3,17,10,2002,E
4,10.0,6.1,18,10,2002,E
6,33.0,6.0,19,10,2002,E
7,33.0,6.3,19,10,2002,E
11,549.0,6.2,22,10,2002,E
5,4.2,6.36,23,10,2002,E
9,11.0,6.2,24,10,2002,E
11,10.0,6.1,31,10,2002,E
10,30.0,7.4,2,11,2002,E
10,27.0,6.3,2,11,2002,E
7,39.0,6.4,3,11,2002,E
5,4.2,7.9,3,11,2002,E
5,33.0,6.6,7,11,2002,E
14,33.0,6.0,9,11,2002,E
3,120.0,6.2,12,11,2002,E
3,10.0,6.6,15,11,2002,E
7,459.1,7.3,17,11,2002,E
13,33.0,6.3,20,11,2002,E
5,20.6,6.1,26,11,2002,E
4,10.0,6.0,10,12,2002,E
11,530.6,6.1,10,12,2002,E
6,10.0,6.3,11,12,2002,E
11,34.0,6.7,12,12,2002,E
3,10.0,6.2,17,12,2002,E
3,10.0,6.1,18,12,2002,E
11,33.0,6.3,20,12,2002,E
14,33.0,6.0,23,12,2002,E
6,10.0,6.3,30,12,2002,E
11,378.0,6.5,4,1,2003,E
8,10.0,6.0,6,1,2003,E
11,10.0,6.0,9,1,2003,E
11,71.9,6.7,10,1,2003,E
5,10.0,6.3,16,1,2003,E
11,33.0,7.3,20,1,2003,E
14,24.0,6.5,21,1,2003,E
0,24.0,7.6,22,1,2003,E
9,10.0,6.1,27,1,2003,E
2,10.0,6.4,27,1,2003,E
11,33.0,6.3,10,2,2003,E
11,10.0,6.2,12,2,2003,E
6,10.0,6.3,15,2,2003,E
5,19.0,6.6,19,2,2003,E
13,11.0,6.3,24,2,2003,E
6,28.1,6.0,1,3,2003,E
3,10.0,6.2,2,3,2003,E
6,45.9,6.0,9,3,2003,E
6,93.8,6.4,10,3,2003,E
11,40.2,6.8,11,3,2003,E
0,10.0,6.4,12,3,2003,E
6,33.0,6.3,14,3,2003,E
11,274.9,6.4,14,3,2003,E
7,30.2,6.1,15,3,2003,E
5,33.0,7.1,17,3,2003,E
5,33.0,6.2,17,3,2003,E
11,33.5,6.2,19,3,2003,E
6,33.0,6.5,25,3,2003,E
11,41.2,6.2,28,3,2003,E
6,33.0,6.2,30,3,2003,E
11,46.8,6.2,31,3,2003,E
9,10.0,6.3,2,4,2003,E
14,10.0,6.2,11,4,2003,E
13,14.0,6.4,17,4,2003,E
2,10.0,6.5,17,4,2003,E
7,43.8,6.1,24,4,2003,E
11,77.4,6.3,27,4,2003,E
14,559.9,6.0,27,4,2003,E
7,62.5,6.0,29,4,2003,E
13,10.0,6.4,1,5,2003,E
11,33.0,6.2,3,5,2003,E
11,62.4,6.7,4,5,2003,E
11,33.0,6.0,4,5,2003,E
11,45.6,6.4,4,5,2003,E
6,123.6,6.4,5,5,2003,E
6,56.0,6.2,5,5,2003,E
2,10.0,6.3,9,5,2003,E
6,30.2,6.1,11,5,2003,E
11,33.0,6.3,13,5,2003,E
14,41.5,6.7,14,5,2003,E
10,79.1,6.0,14,5,2003,E
11,563.8,6.0,19,5,2003,E
0,10.0,6.1,19,5,2003,E
9,12.0,6.8,21,5,2003,E
7,68.0,7.0,26,5,2003,E
6,31.0,7.0,26,5,2003,E
6,565.8,6.9,26,5,2003,E
2,10.0,6.2,28,5,2003,E
3,33.0,6.0,3,6,2003,E
11,33.0,6.6,7,6,2003,E
8,44.5,6.0,10,6,2003,E
11,186.3,6.3,12,6,2003,E
5,20.0,6.5,15,6,2003,E
7,174.8,6.9,16,6,2003,E
14,558.1,7.1,20,6,2003,E
3,33.0,6.8,20,6,2003,E
5,20.0,6.9,23,6,2003,E
6,10.0,6.0,26,6,2003,E
11,10.0,6.3,28,6,2003,E
6,635.4,6.0,1,7,2003,E
6,33.0,6.0,1,7,2003,E
11,10.0,6.0,3,7,2003,E
11,10.0,6.1,4,7,2003,E
5,20.0,6.0,12,7,2003,E
11,33.0,6.5,15,7,2003,E
2,10.0,7.6,15,7,2003,E
0,10.0,6.0,17,7,2003,E
11,189.6,6.4,21,7,2003,E
8,10.0,6.0,21,7,2003,E
11,33.0,6.0,22,7,2003,E
11,24.0,6.4,25,7,2003,E
7,6.0,6.1,25,7,2003,E
11,212.9,6.6,27,7,2003,E
7,470.3,6.8,27,7,2003,E
3,345.3,6.0,27,7,2003,E
3,10.0,7.6,4,8,2003,E
6,10.0,6.0,11,8,2003,E
11,10.0,6.0,11,8,2003,E
10,100.2,6.0,11,8,2003,E
9,10.0,6.3,14,8,2003,E
11,28.0,7.2,21,8,2003,E
11,33.0,6.2,21,8,2003,E
14,100.0,6.0,25,8,2003,E
4,10.0,6.2,28,8,2003,E
6,409.2,6.0,28,8,2003,E
11,137.0,6.0,30,8,2003,E
7,481.1,6.2,31,8,2003,E
11,10.0,6.4,2,9,2003,E
4,10.0,6.1,6,9,2003,E
11,33.0,6.4,7,9,2003,E
11,10.0,6.0,11,9,2003,E
11,50.4,6.0,12,9,2003,E
10,10.0,6.6,21,9,2003,E
9,10.0,6.0,21,9,2003,E
14,10.0,6.4,22,9,2003,E
7,27.0,8.3,25,9,2003,E
7,33.0,7.4,25,9,2003,E
7,33.0,6.0,26,9,2003,E
13,16.0,7.3,27,9,2003,E
13,10.0,6.4,27,9,2003,E
7,25.0,6.5,29,9,2003,E
3,10.0,6.0,30,9,2003,E
11,10.0,6.4,30,9,2003,E
11,33.0,6.0,30,9,2003,E
13,10.0,6.7,1,10,2003,E
11,10.0,6.2,7,10,2003,E
7,32.0,6.7,8,10,2003,E
8,33.0,6.2,9,10,2003,E
11,10.0,6.0,13,10,2003,E
11,582.6,6.0,15,10,2003,E
11,133.0,6.4,17,10,2003,E
6,33.0,6.4,18,10,2003,E
11,53.5,6.3,22,10,2003,E
11,65.0,6.0,28,10,2003,E
7,10.0,7.0,31,10,2003,E
11,10.0,6.4,2,11,2003,E
14,33.0,6.0,5,11,2003,E
11,113.7,6.6,6,11,2003,E
9,10.0,6.6,9,11,2003,E
11,33.0,6.1,11,11,2003,E
11,33.0,6.1,11,11,2003,E
1,101.0,6.0,11,11,2003,E
6,33.0,6.2,12,11,2003,E
7,384.9,6.4,12,11,2003,E
11,10.0,6.0,13,11,2003,E
11,10.0,6.1,14,11,2003,E
5,33.0,7.8,17,11,2003,E
6,35.0,6.5,18,11,2003,E
11,35.0,6.6,25,11,2003,E
13,10.0,6.0,1,12,2003,E
7,10.0,6.7,5,12,2003,E
5,33.0,6.2,9,12,2003,E
8,10.0,6.8,10,12,2003,E
9,10.0,6.6,21,12,2003,E
0,8.38,6.5,22,12,2003,E
14,33.0,6.5,25,12,2003,E
11,34.6,6.0,25,12,2003,E
11,10.0,6.5,25,12,2003,E
11,10.0,6.0,25,12,2003,E
13,10.0,6.6,26,12,2003,E
11,10.0,6.8,26,12,2003,E
11,10.0,6.1,27,12,2003,E
11,10.0,7.3,27,12,2003,E
11,10.0,6.7,27,12,2003,E
11,10.0,6.3,27,12,2003,E
7,33.0,6.1,29,12,2003,E
0,29.4,6.1,1,1,2004,E
11,10.0,6.0,3,1,2004,E
11,10.0,6.1,3,1,2004,E
11,10.0,6.4,3,1,2004,E
11,22.0,7.1,3,1,2004,E
11,10.0,6.1,3,1,2004,E
11,57.7,6.3,9,1,2004,E
2,5.3,6.2,11,1,2004,E
11,673.1,6.0,11,1,2004,E
11,10.0,6.2,15,1,2004,E
14,10.0,6.2,16,1,2004,E
11,129.8,6.7,25,1,2004,E
6,17.4,6.7,28,1,2004,E
4,10.0,6.1,29,1,2004,E
14,29.2,6.1,4,2,2004,E
6,16.6,7.0,5,2,2004,E
6,10.0,7.3,7,2,2004,E
6,25.7,6.7,8,2,2004,E
11,84.0,6.0,20,2,2004,E
3,10.0,6.6,21,2,2004,E
10,42.0,6.0,22,2,2004,E
11,31.0,6.3,23,2,2004,E
9,0.0,6.4,24,2,2004,E
2,10.0,6.3,26,2,2004,E
11,10.0,6.0,26,2,2004,E
14,28.0,6.2,2,3,2004,E
11,7.0,6.0,7,3,2004,E
14,10.0,6.0,8,3,2004,E
11,18.4,6.2,9,3,2004,E
11,271.5,6.0,12,3,2004,E
11,12.0,6.1,14,3,2004,E
3,289.8,6.1,17,3,2004,E
9,24.5,6.1,17,3,2004,E
11,10.0,6.2,18,3,2004,E
13,8.0,6.0,27,3,2004,E
7,31.0,6.0,3,4,2004,E
11,8.0,6.2,5,4,2004,E
13,187.1,6.6,5,4,2004,E
4,10.0,6.4,8,4,2004,E
11,228.4,6.5,9,4,2004,E
6,20.0,6.2,11,4,2004,E
7,41.8,6.1,11,4,2004,E
11,143.5,6.0,14,4,2004,E
7,51.3,6.2,14,4,2004,E
9,12.2,6.0,14,4,2004,E
11,10.0,6.3,15,4,2004,E
11,10.0,6.0,16,4,2004,E
10,44.5,6.0,16,4,2004,E
11,10.0,6.0,22,4,2004,E
11,35.0,6.0,22,4,2004,E
6,65.8,6.7,23,4,2004,E
11,8.0,6.1,24,4,2004,E
11,10.0,6.0,27,4,2004,E
14,10.0,6.2,29,4,2004,E
3,21.0,6.6,3,5,2004,E
11,14.0,6.3,7,5,2004,E
10,21.0,6.1,11,5,2004,E
11,10.0,6.4,13,5,2004,E
8,20.0,6.2,19,5,2004,E
13,17.0,6.3,28,5,2004,E
7,16.0,6.5,29,5,2004,E
11,43.1,6.2,2,6,2004,E
11,10.0,6.4,9,6,2004,E
7,188.6,6.9,10,6,2004,E
3,37.8,6.1,15,6,2004,E
6,70.5,6.1,25,6,2004,E
5,20.0,6.8,28,6,2004,E
14,9.0,6.3,29,6,2004,E
6,90.8,6.3,30,6,2004,E
11,10.0,6.2,1,7,2004,E
7,128.5,6.4,8,7,2004,E
4,10.0,6.0,8,7,2004,E
13,13.0,6.2,11,7,2004,E
4,12.0,6.1,11,7,2004,E
11,565.5,7.1,15,7,2004,E
11,10.0,6.2,16,7,2004,E
5,23.7,6.4,19,7,2004,E
8,20.9,6.1,22,7,2004,E
10,582.1,7.3,25,7,2004,E
6,13.4,6.5,28,7,2004,E
4,10.0,6.0,1,8,2004,E
5,8.0,6.0,7,8,2004,E
13,207.0,6.0,10,8,2004,E
3,5.0,6.5,28,8,2004,E
11,10.0,6.2,3,9,2004,E
7,14.0,7.2,5,9,2004,E
7,10.0,7.4,5,9,2004,E
3,10.0,6.9,6,9,2004,E
7,10.0,6.6,6,9,2004,E
3,22.3,6.4,7,9,2004,E
7,21.2,6.1,8,9,2004,E
14,25.2,6.0,9,9,2004,E
3,63.9,6.1,11,9,2004,E
7,8.0,6.1,13,9,2004,E
8,115.4,6.0,15,9,2004,E
5,25.0,6.2,19,9,2004,E
2,10.0,6.4,28,9,2004,E
1,7.2,6.0,4,10,2004,E
6,10.0,6.2,6,10,2004,E
11,36.0,6.8,8,10,2004,E
8,105.0,6.5,8,10,2004,E
14,35.0,7.0,9,10,2004,E
8,94.0,6.7,15,10,2004,E
11,59.8,6.1,20,10,2004,E
7,16.0,6.6,23,10,2004,E
7,10.5,6.1,23,10,2004,E
7,10.0,6.3,23,10,2004,E
3,10.0,6.0,26,10,2004,E
3,10.0,6.4,26,10,2004,E
7,14.1,6.0,27,10,2004,E
5,10.0,6.7,2,11,2004,E
1,10.0,6.0,3,11,2004,E
11,125.7,6.0,5,11,2004,E
7,474.0,6.2,7,11,2004,E
8,29.0,6.3,8,11,2004,E
11,13.0,6.9,9,11,2004,E
7,32.8,6.1,11,11,2004,E
11,10.0,6.7,11,11,2004,E
6,10.0,7.5,11,11,2004,E
6,10.0,6.4,11,11,2004,E
3,568.7,6.1,12,11,2004,E
14,15.0,7.2,15,11,2004,E
11,55.7,6.1,16,11,2004,E
11,622.6,6.6,17,11,2004,E
14,16.0,6.4,20,11,2004,E
14,40.6,6.3,20,11,2004,E
11,256.1,6.0,21,11,2004,E
14,14.0,6.3,21,11,2004,E
11,10.0,7.1,22,11,2004,E
6,10.0,7.1,26,11,2004,E
4,10.0,6.6,28,11,2004,E
6,23.1,6.2,28,11,2004,E
7,39.0,7.0,28,11,2004,E
7,35.0,6.8,6,12,2004,E
11,439.2,6.1,6,12,2004,E
14,62.3,6.0,13,12,2004,E
14,10.0,6.8,14,12,2004,E
7,11.0,6.2,18,12,2004,E
4,10.0,6.1,22,12,2004,E
11,10.0,8.1,23,12,2004,E
10,30.0,9.0,26,12,2004,E
10,30.0,6.1,26,12,2004,E
10,30.0,6.0,26,12,2004,E
10,30.0,6.1,26,12,2004,E
10,30.0,6.0,26,12,2004,E
10,39.2,7.2,26,12,2004,E
10,16.1,6.6,26,12,2004,E
10,26.4,6.3,26,12,2004,E
10,13.3,6.2,26,12,2004,E
10,17.8,6.0,26,12,2004,E
10,30.0,6.1,26,12,2004,E
10,35.0,6.1,27,12,2004,E
10,8.0,6.1,29,12,2004,E
10,12.0,6.2,29,12,2004,E
10,14.0,6.1,31,12,2004,E
10,11.0,6.0,31,12,2004,E
10,11.7,6.7,1,1,2005,E
10,55.4,6.1,1,1,2005,E
10,30.0,6.4,2,1,2005,E
11,10.0,6.1,3,1,2005,E
10,23.2,6.1,4,1,2005,E
3,10.0,6.0,8,1,2005,E
10,40.0,6.1,9,1,2005,E
9,10.0,6.8,12,1,2005,E
11,10.0,6.1,14,1,2005,E
10,58.7,6.0,15,1,2005,E
11,16.0,6.2,16,1,2005,E
1,24.9,6.6,16,1,2005,E
1,12.0,6.1,17,1,2005,E
7,42.0,6.3,18,1,2005,E
7,27.8,6.6,19,1,2005,E
14,10.0,6.0,21,1,2005,E
11,29.0,6.4,22,1,2005,E
6,11.0,6.3,23,1,2005,E
10,30.0,6.3,24,1,2005,E
14,16.9,6.1,24,1,2005,E
10,22.2,6.2,26,1,2005,E
14,10.0,6.1,28,1,2005,E
14,10.0,6.2,28,1,2005,E
1,158.7,6.3,2,2,2005,E
1,142.7,6.6,5,2,2005,E
10,30.0,6.0,5,2,2005,E
6,525.0,7.1,5,2,2005,E
11,36.5,6.1,7,2,2005,E
11,206.3,6.7,8,2,2005,E
10,44.5,6.0,9,2,2005,E
1,24.0,6.3,9,2,2005,E
11,9.0,6.3,10,2,2005,E
13,22.0,6.1,14,2,2005,E
6,39.7,6.5,15,2,2005,E
3,10.0,6.6,16,2,2005,E
6,10.0,6.5,19,2,2005,E
13,14.0,6.4,22,2,2005,E
11,10.0,6.0,23,2,2005,E
10,36.0,6.8,26,2,2005,E
6,201.7,7.1,2,3,2005,E
11,10.0,6.1,6,3,2005,E
5,10.0,6.3,6,3,2005,E
13,54.0,6.0,13,3,2005,E
14,197.4,6.1,17,3,2005,E
11,18.0,6.1,19,3,2005,E
11,598.7,6.3,19,3,2005,E
8,10.0,6.6,20,3,2005,E
3,579.1,6.9,21,3,2005,E
3,570.1,6.4,21,3,2005,E
6,10.0,6.1,26,3,2005,E
10,30.0,8.6,28,3,2005,E
10,36.1,6.1,28,3,2005,E
10,22.0,6.3,30,3,2005,E
11,588.7,6.1,30,3,2005,E
11,10.0,6.0,31,3,2005,E
5,10.0,6.1,2,4,2005,E
10,30.0,6.0,3,4,2005,E
10,36.0,6.3,3,4,2005,E
13,11.0,6.3,7,4,2005,E
10,20.9,6.1,8,4,2005,E
11,10.0,6.1,8,4,2005,E
10,19.0,6.7,10,4,2005,E
10,30.0,6.5,10,4,2005,E
10,30.0,6.4,10,4,2005,E
10,24.0,6.1,11,4,2005,E
11,11.4,6.6,11,4,2005,E
14,129.9,6.0,11,4,2005,E
11,68.0,6.7,11,4,2005,E
10,31.0,6.4,16,4,2005,E
10,22.0,6.2,28,4,2005,E
14,18.0,6.5,5,5,2005,E
10,17.0,6.3,10,5,2005,E
4,10.0,6.5,12,5,2005,E
10,34.0,6.7,14,5,2005,E
11,34.0,6.6,16,5,2005,E
3,102.2,6.0,18,5,2005,E
11,10.0,6.2,18,5,2005,E
10,2.5,6.1,18,5,2005,E
10,30.0,6.9,19,5,2005,E
11,565.3,6.0,20,5,2005,E
14,39.5,6.3,21,5,2005,E
3,196.2,6.1,2,6,2005,E
11,26.0,6.1,4,6,2005,E
10,23.5,6.1,8,6,2005,E
3,94.1,6.0,12,6,2005,E
3,115.6,7.8,13,6,2005,E
5,17.0,6.8,14,6,2005,E
0,16.0,7.2,15,6,2005,E
11,74.6,6.2,15,6,2005,E
3,10.0,6.4,15,6,2005,E
0,12.0,6.6,17,6,2005,E
0,20.0,6.2,27,6,2005,E
14,27.0,6.6,2,7,2005,E
2,10.0,6.3,4,7,2005,E
10,21.0,6.7,5,7,2005,E
4,10.0,6.1,10,7,2005,E
11,10.0,6.0,11,7,2005,E
11,10.0,6.0,23,7,2005,E
10,16.0,7.2,24,7,2005,E
11,10.0,6.0,30,7,2005,E
14,14.0,6.3,3,8,2005,E
11,205.4,6.0,6,8,2005,E
2,10.0,6.2,7,8,2005,E
11,10.0,6.0,7,8,2005,E
11,23.6,6.1,9,8,2005,E
11,35.0,6.1,9,8,2005,E
11,10.0,6.2,11,8,2005,E
1,48.6,6.0,13,8,2005,E
7,36.0,7.2,16,8,2005,E
7,10.0,6.1,24,8,2005,E
13,10.0,6.2,26,8,2005,E
14,10.0,6.1,27,8,2005,E
7,21.1,6.1,30,8,2005,E
6,443.9,6.0,4,9,2005,E
4,10.0,6.2,5,9,2005,E
11,90.0,7.6,9,9,2005,E
7,103.0,6.1,21,9,2005,E
11,30.0,6.1,25,9,2005,E
14,115.0,7.5,26,9,2005,E
11,25.0,6.6,29,9,2005,E
11,28.0,6.2,29,9,2005,E
13,26.0,7.6,8,10,2005,E
13,8.0,6.4,8,10,2005,E
7,42.8,6.1,15,10,2005,E
8,192.0,6.4,15,10,2005,E
7,32.0,6.3,19,10,2005,E
2,8.0,6.5,29,10,2005,E
11,25.0,6.4,5,11,2005,E
7,11.0,7.0,14,11,2005,E
3,147.0,6.8,17,11,2005,E
10,21.0,6.5,19,11,2005,E
5,30.0,6.2,20,11,2005,E
8,145.0,6.1,21,11,2005,E
11,68.0,6.2,22,11,2005,E
1,11.0,6.0,28,11,2005,E
6,13.0,6.4,30,11,2005,E
7,29.0,6.5,2,12,2005,E
2,22.0,6.8,5,12,2005,E
11,21.0,6.4,7,12,2005,E
11,216.8,6.1,8,12,2005,E
11,17.0,6.6,11,12,2005,E
13,224.6,6.5,12,12,2005,E
11,10.0,6.7,13,12,2005,E
7,42.9,6.0,16,12,2005,E
1,22.8,6.1,20,12,2005,E
6,25.0,6.3,21,12,2005,E
14,7.0,6.0,21,12,2005,E
4,10.0,6.3,22,12,2005,E
14,192.9,6.1,23,12,2005,E
14,10.0,6.1,30,12,2005,E
3,13.0,7.4,2,1,2006,E
11,582.9,7.2,2,1,2006,E
0,14.0,6.6,4,1,2006,E
14,7.4,6.1,6,1,2006,E
9,66.0,6.7,8,1,2006,E
6,264.8,6.1,15,1,2006,E
11,23.0,6.4,23,1,2006,E
14,14.0,6.2,23,1,2006,E
6,397.0,7.6,27,1,2006,E
11,597.5,6.7,2,2,2006,E
10,19.0,6.1,3,2,2006,E
1,40.0,6.3,14,2,2006,E
11,44.2,6.2,18,2,2006,E
2,11.0,7.0,22,2,2006,E
2,10.0,6.2,23,2,2006,E
11,622.4,6.1,24,2,2006,E
11,535.2,6.4,26,2,2006,E
11,32.5,6.0,26,2,2006,E
13,18.0,6.0,28,2,2006,E
3,10.0,6.0,3,3,2006,E
11,205.8,6.1,5,3,2006,E
2,10.0,6.2,6,3,2006,E
11,136.2,6.2,7,3,2006,E
14,10.0,6.0,9,3,2006,E
3,10.0,6.1,10,3,2006,E
6,30.1,6.7,14,3,2006,E
6,12.0,6.1,24,3,2006,E
11,10.0,6.0,24,3,2006,E
13,7.0,6.1,31,3,2006,E
11,13.0,6.5,31,3,2006,E
6,37.0,6.2,31,3,2006,E
8,9.0,6.1,1,4,2006,E
0,33.5,6.0,4,4,2006,E
11,14.0,6.5,7,4,2006,E
7,28.8,6.0,12,4,2006,E
3,19.8,6.0,15,4,2006,E
11,16.0,6.1,17,4,2006,E
10,17.0,6.2,19,4,2006,E
5,22.0,7.6,20,4,2006,E
5,10.0,6.1,20,4,2006,E
5,9.0,6.4,21,4,2006,E
5,12.0,6.1,21,4,2006,E
10,21.0,6.3,25,4,2006,E
11,10.0,6.1,26,4,2006,E
5,11.0,6.6,29,4,2006,E
11,127.7,6.1,30,4,2006,E
3,12.0,6.7,30,4,2006,E
11,10.0,6.0,30,4,2006,E
3,12.0,6.5,30,4,2006,E
11,55.0,8.0,3,5,2006,E
11,11.0,6.0,4,5,2006,E
2,10.0,6.0,6,5,2006,E
2,10.0,6.1,7,5,2006,E
5,18.0,6.4,10,5,2006,E
11,152.0,7.4,16,5,2006,E
10,12.0,6.8,16,5,2006,E
11,11.0,6.0,17,5,2006,E
6,35.0,6.3,19,5,2006,E
14,10.0,6.0,21,5,2006,E
5,19.0,6.6,22,5,2006,E
7,197.0,6.2,22,5,2006,E
6,2.8,6.1,22,5,2006,E
10,12.5,6.3,26,5,2006,E
11,34.0,6.5,28,5,2006,E
11,591.6,6.0,2,6,2006,E
14,10.0,6.0,5,6,2006,E
11,564.4,6.1,9,6,2006,E
8,140.0,6.3,11,6,2006,E
5,14.0,6.5,14,6,2006,E
5,29.1,6.0,14,6,2006,E
14,9.0,6.0,18,6,2006,E
10,16.0,6.0,21,6,2006,E
7,95.0,6.0,22,6,2006,E
6,26.0,6.3,24,6,2006,E
5,17.0,6.2,27,6,2006,E
11,569.9,6.3,27,6,2006,E
10,28.8,6.3,27,6,2006,E
11,35.0,6.0,7,7,2006,E
5,22.0,6.6,8,7,2006,E
3,10.0,6.2,16,7,2006,E
10,20.0,7.7,17,7,2006,E
10,10.0,6.0,17,7,2006,E
10,21.0,6.1,17,7,2006,E
10,45.0,6.1,19,7,2006,E
11,28.2,6.4,19,7,2006,E
6,28.0,6.0,23,7,2006,E
10,20.0,6.3,27,7,2006,E
11,150.0,6.8,7,8,2006,E
0,56.0,6.1,11,8,2006,E
10,22.0,6.2,11,8,2006,E
11,154.0,6.1,15,8,2006,E
7,26.0,6.0,20,8,2006,E
3,13.0,7.0,20,8,2006,E
7,43.0,6.5,24,8,2006,E
3,184.0,6.6,25,8,2006,E
11,38.0,6.8,1,9,2006,E
6,572.0,6.3,9,9,2006,E
3,114.0,6.0,12,9,2006,E
6,17.0,6.3,16,9,2006,E
3,137.0,6.2,17,9,2006,E
10,25.0,6.0,21,9,2006,E
3,598.3,6.0,22,9,2006,E
11,28.0,6.9,28,9,2006,E
14,53.0,6.1,29,9,2006,E
3,107.0,6.0,30,9,2006,E
7,11.0,6.6,30,9,2006,E
7,10.0,6.0,30,9,2006,E
7,19.0,6.5,1,10,2006,E
11,161.0,6.3,3,10,2006,E
8,14.0,6.3,9,10,2006,E
4,10.0,6.0,10,10,2006,E
7,9.0,6.0,10,10,2006,E
3,31.0,6.4,12,10,2006,E
5,39.06,6.7,15,10,2006,E
5,18.92,6.0,15,10,2006,E
11,32.0,6.7,17,10,2006,E
11,115.0,6.4,18,10,2006,E
3,23.0,6.7,20,10,2006,E
2,10.0,6.1,22,10,2006,E
7,11.0,6.4,23,10,2006,E
6,10.0,6.1,24,10,2006,E
3,28.1,6.0,26,10,2006,E
11,133.2,6.0,6,11,2006,E
11,11.0,6.6,7,11,2006,E
11,12.0,6.2,12,11,2006,E
3,572.0,6.8,13,11,2006,E
11,11.0,6.2,13,11,2006,E
6,345.0,6.1,14,11,2006,E
7,10.0,8.3,15,11,2006,E
7,10.0,6.0,15,11,2006,E
7,10.0,6.0,15,11,2006,E
7,10.0,6.2,15,11,2006,E
7,10.0,6.4,15,11,2006,E
7,10.0,6.7,15,11,2006,E
7,10.0,6.0,15,11,2006,E
7,9.0,6.0,16,11,2006,E
11,10.0,6.1,16,11,2006,E
8,22.0,6.2,17,11,2006,E
4,10.0,6.1,19,11,2006,E
6,39.0,6.2,29,11,2006,E
11,13.5,6.0,30,11,2006,E
4,10.0,6.2,30,11,2006,E
10,204.0,6.3,1,12,2006,E
6,19.0,6.3,1,12,2006,E
14,61.2,6.0,3,12,2006,E
7,16.0,6.4,7,12,2006,E
6,213.5,6.3,12,12,2006,E
10,24.0,6.2,22,12,2006,E
8,10.0,7.1,26,12,2006,E
8,10.0,6.9,26,12,2006,E
7,10.0,6.0,26,12,2006,E
11,355.0,6.0,27,12,2006,E
13,15.0,6.6,30,12,2006,E
10,11.0,6.1,8,1,2007,E
13,16.0,6.0,8,1,2007,E
11,406.8,6.3,8,1,2007,E
6,13.0,6.0,11,1,2007,E
7,10.0,8.1,13,1,2007,E
7,10.0,6.0,13,1,2007,E
6,100.8,6.0,17,1,2007,E
13,8.0,6.2,17,1,2007,E
3,10.0,6.2,20,1,2007,E
6,22.0,7.5,21,1,2007,E
6,23.0,6.2,21,1,2007,E
8,36.2,6.0,25,1,2007,E
11,11.0,6.9,30,1,2007,E
1,20.0,6.6,30,1,2007,E
11,34.0,6.5,31,1,2007,E
14,10.0,6.2,4,2,2007,E
4,10.0,6.2,4,2,2007,E
9,20.0,6.0,12,2,2007,E
6,24.0,6.1,12,2,2007,E
7,31.0,6.0,17,2,2007,E
6,12.0,6.7,20,2,2007,E
6,11.0,6.0,20,2,2007,E
14,23.0,6.3,24,2,2007,E
3,10.0,6.2,28,2,2007,E
14,10.0,6.0,1,3,2007,E
10,19.0,6.4,6,3,2007,E
10,11.0,6.3,6,3,2007,E
7,139.6,6.1,8,3,2007,E
3,10.0,6.2,8,3,2007,E
7,441.2,6.0,9,3,2007,E
0,26.1,6.0,13,3,2007,E
6,35.0,6.2,17,3,2007,E
14,10.0,6.0,17,3,2007,E
14,7.0,6.2,18,3,2007,E
11,34.0,7.1,25,3,2007,E
7,8.0,6.7,25,3,2007,E
11,35.0,6.9,25,3,2007,E
4,10.0,6.2,31,3,2007,E
11,24.0,8.1,1,4,2007,E
11,24.3,6.1,1,4,2007,E
11,10.0,6.6,1,4,2007,E
11,10.0,6.9,1,4,2007,E
11,10.0,6.0,1,4,2007,E
3,4.9,6.1,2,4,2007,E
11,34.0,6.1,2,4,2007,E
11,14.0,6.2,2,4,2007,E
11,18.0,6.2,2,4,2007,E
13,222.1,6.2,3,4,2007,E
11,8.0,6.1,3,4,2007,E
11,12.0,6.2,3,4,2007,E
11,10.0,6.0,4,4,2007,E
11,17.0,6.4,4,4,2007,E
11,13.0,6.2,4,4,2007,E
11,10.0,6.5,4,4,2007,E
9,14.0,6.3,5,4,2007,E
9,8.0,6.1,7,4,2007,E
10,30.0,6.1,7,4,2007,E
11,10.0,6.0,12,4,2007,E
0,34.0,6.0,13,4,2007,E
4,10.0,6.1,13,4,2007,E
11,10.0,6.4,16,4,2007,E
8,10.0,6.1,20,4,2007,E
8,9.0,6.3,20,4,2007,E
8,11.1,6.0,20,4,2007,E
11,407.4,6.1,21,4,2007,E
11,40.7,6.1,21,4,2007,E
3,36.7,6.2,21,4,2007,E
11,55.0,6.4,25,4,2007,E
3,10.0,6.1,28,4,2007,E
5,117.0,6.2,29,4,2007,E
9,7.0,6.2,4,5,2007,E
13,9.0,6.1,5,5,2007,E
11,676.4,6.5,6,5,2007,E
11,688.0,6.1,6,5,2007,E
3,10.0,6.1,7,5,2007,E
8,9.0,6.3,16,5,2007,E
11,40.7,6.0,17,5,2007,E
11,132.5,6.1,29,5,2007,E
6,24.0,6.1,29,5,2007,E
7,116.0,6.4,30,5,2007,E
8,5.0,6.1,2,6,2007,E
11,4.7,6.2,7,6,2007,E
14,23.0,6.7,13,6,2007,E
11,9.0,6.3,18,6,2007,E
3,10.0,6.5,24,6,2007,E
10,10.0,6.0,26,6,2007,E
11,18.0,6.7,28,6,2007,E
14,10.0,6.3,3,7,2007,E
0,113.0,6.1,6,7,2007,E
14,152.1,6.1,12,7,2007,E
5,35.0,6.0,13,7,2007,E
11,8.0,6.1,15,7,2007,E
5,15.0,6.1,15,7,2007,E
7,12.0,6.6,16,7,2007,E
7,350.4,6.8,16,7,2007,E
11,10.0,6.1,17,7,2007,E
11,10.0,6.1,18,7,2007,E
14,644.9,6.1,21,7,2007,E
3,289.5,6.4,21,7,2007,E
10,15.0,6.1,25,7,2007,E
6,25.0,6.9,26,7,2007,E
11,10.0,6.1,27,7,2007,E
9,11.0,6.2,31,7,2007,E
11,120.0,7.2,1,8,2007,E
7,5.0,6.2,2,8,2007,E
5,21.0,6.7,2,8,2007,E
4,10.0,6.1,4,8,2007,E
11,40.0,6.0,5,8,2007,E
8,18.1,6.0,7,8,2007,E
10,291.2,6.1,8,8,2007,E
10,280.0,7.5,8,8,2007,E
11,42.0,6.0,12,8,2007,E
11,10.0,6.1,13,8,2007,E
5,9.0,6.5,15,8,2007,E
3,39.0,8.0,15,8,2007,E
3,23.4,6.4,16,8,2007,E
11,15.0,6.5,16,8,2007,E
3,35.0,6.0,16,8,2007,E
6,10.0,6.4,17,8,2007,E
3,30.0,6.0,18,8,2007,E
6,8.0,6.4,20,8,2007,E
14,6.0,6.5,20,8,2007,E
11,127.4,6.1,26,8,2007,E
0,9.0,6.1,1,9,2007,E
11,35.0,7.2,2,9,2007,E
11,36.7,6.3,2,9,2007,E
7,94.0,6.2,3,9,2007,E
8,53.0,6.2,6,9,2007,E
14,15.0,6.8,10,9,2007,E
10,34.0,8.5,12,9,2007,E
10,35.0,7.9,12,9,2007,E
10,28.9,6.5,13,9,2007,E
10,22.0,7.0,13,9,2007,E
6,26.0,6.3,13,9,2007,E
10,53.0,6.0,13,9,2007,E
4,10.0,6.0,13,9,2007,E
10,23.0,6.4,14,9,2007,E
10,35.0,6.0,19,9,2007,E
10,30.0,6.7,20,9,2007,E
11,416.7,6.2,25,9,2007,E
11,40.0,6.8,26,9,2007,E
10,26.0,6.1,26,9,2007,E
11,9.0,6.1,27,9,2007,E
11,12.0,6.3,28,9,2007,E
11,10.0,6.5,28,9,2007,E
1,260.0,7.5,28,9,2007,E
10,35.0,6.0,29,9,2007,E
1,14.0,6.9,30,9,2007,E
11,10.0,7.4,30,9,2007,E
11,18.0,6.6,30,9,2007,E
5,32.0,6.3,2,10,2007,E
10,35.0,6.2,4,10,2007,E
11,509.4,6.5,5,10,2007,E
1,20.0,6.1,6,10,2007,E
11,39.0,6.0,9,10,2007,E
11,37.0,6.1,13,10,2007,E
11,18.0,6.8,15,10,2007,E
11,19.0,6.1,15,10,2007,E
11,509.3,6.6,16,10,2007,E
11,46.3,6.0,21,10,2007,E
10,21.0,6.8,24,10,2007,E
7,20.0,6.1,25,10,2007,E
1,207.0,7.2,31,10,2007,E
5,28.0,6.0,31,10,2007,E
4,10.0,6.1,2,11,2007,E
11,10.0,6.6,10,11,2007,E
3,40.0,7.7,14,11,2007,E
3,27.0,6.3,15,11,2007,E
3,26.0,6.8,15,11,2007,E
14,122.9,6.8,16,11,2007,E
3,246.4,6.0,18,11,2007,E
11,558.3,6.3,19,11,2007,E
11,10.0,6.0,19,11,2007,E
11,52.6,6.0,20,11,2007,E
3,15.0,6.1,20,11,2007,E
11,53.0,6.8,22,11,2007,E
6,20.0,6.5,25,11,2007,E
10,35.0,6.0,25,11,2007,E
6,18.0,6.5,25,11,2007,E
11,16.0,6.6,27,11,2007,E
4,10.0,6.3,29,11,2007,E
14,156.0,7.4,29,11,2007,E
11,152.5,7.8,9,12,2007,E
3,15.0,6.0,13,12,2007,E
3,16.0,6.2,13,12,2007,E
11,17.0,6.2,13,12,2007,E
6,175.9,6.0,15,12,2007,E
6,57.0,6.4,15,12,2007,E
3,45.0,6.7,16,12,2007,E
5,34.0,7.2,19,12,2007,E
11,20.0,6.6,20,12,2007,E
5,25.0,6.3,21,12,2007,E
6,20.0,6.2,22,12,2007,E
10,23.0,6.1,22,12,2007,E
7,48.4,6.1,25,12,2007,E
5,25.0,6.4,26,12,2007,E
11,34.0,6.3,1,1,2008,E
10,35.0,6.0,4,1,2008,E
5,15.0,6.6,5,1,2008,E
5,10.0,6.4,5,1,2008,E
9,75.0,6.2,6,1,2008,E
13,10.0,6.4,9,1,2008,E
5,10.0,6.1,9,1,2008,E
5,13.0,6.3,10,1,2008,E
11,597.6,6.5,15,1,2008,E
6,35.0,6.1,20,1,2008,E
11,6.0,6.0,22,1,2008,E
11,10.0,6.1,22,1,2008,E
10,20.0,6.2,22,1,2008,E
6,8.0,6.2,30,1,2008,E
11,604.2,6.0,1,2,2008,E
3,35.0,6.3,4,2,2008,E
14,9.0,6.9,8,2,2008,E
6,38.0,6.0,9,2,2008,E
3,8.0,6.6,10,2,2008,E
0,83.0,6.5,12,2,2008,E
6,19.0,6.2,13,2,2008,E
9,29.0,6.9,14,2,2008,E
9,28.0,6.5,14,2,2008,E
3,130.1,6.1,16,2,2008,E
10,26.0,7.4,20,2,2008,E
9,9.9,6.2,20,2,2008,E
9,12.0,6.1,21,2,2008,E
0,6.7,6.0,21,2,2008,E
3,14.0,6.8,23,2,2008,E
10,22.0,6.5,24,2,2008,E
10,25.0,7.2,25,2,2008,E
10,25.0,6.6,25,2,2008,E
10,25.0,6.7,25,2,2008,E
1,15.0,6.2,27,2,2008,E
10,25.0,6.2,3,3,2008,E
7,10.0,6.5,3,3,2008,E
8,10.0,6.0,3,3,2008,E
8,24.0,6.9,3,3,2008,E
11,13.0,6.4,12,3,2008,E
11,10.0,6.3,12,3,2008,E
2,10.0,6.0,13,3,2008,E
1,10.0,6.0,14,3,2008,E
10,25.0,6.0,15,3,2008,E
11,25.0,6.2,18,3,2008,E
6,45.0,6.1,20,3,2008,E
13,10.0,7.2,20,3,2008,E
5,132.0,6.2,22,3,2008,E
3,120.0,6.2,24,3,2008,E
10,20.0,6.3,29,3,2008,E
11,16.0,6.4,9,4,2008,E
11,35.0,6.3,9,4,2008,E
11,33.0,7.3,9,4,2008,E
11,35.0,6.3,9,4,2008,E
11,11.0,6.1,11,4,2008,E
11,16.0,7.1,12,4,2008,E
3,140.2,6.0,14,4,2008,E
14,33.0,6.1,15,4,2008,E
5,11.0,6.4,15,4,2008,E
11,10.0,6.3,16,4,2008,E
5,13.0,6.6,16,4,2008,E
11,553.8,6.3,18,4,2008,E
6,13.0,6.1,19,4,2008,E
11,14.0,6.3,19,4,2008,E
6,10.0,6.0,19,4,2008,E
8,10.0,6.0,23,4,2008,E
9,10.0,6.5,24,4,2008,E
11,10.0,6.1,26,4,2008,E
3,35.0,6.1,28,4,2008,E
11,32.0,6.4,28,4,2008,E
11,35.0,6.1,28,4,2008,E
5,14.0,6.6,2,5,2008,E
7,19.0,6.2,7,5,2008,E
7,23.3,6.1,7,5,2008,E
7,27.0,6.9,7,5,2008,E
1,76.0,6.8,9,5,2008,E
8,19.0,7.9,12,5,2008,E
8,10.0,6.1,12,5,2008,E
10,10.0,6.0,19,5,2008,E
5,27.0,6.3,20,5,2008,E
14,8.0,6.5,23,5,2008,E
8,18.0,6.1,25,5,2008,E
5,20.0,6.0,25,5,2008,E
9,9.0,6.3,29,5,2008,E
2,9.0,6.4,31,5,2008,E
8,31.0,6.3,1,6,2008,E
11,10.0,6.5,1,6,2008,E
11,84.0,6.2,3,6,2008,E
6,14.0,6.0,3,6,2008,E
4,10.0,6.0,5,6,2008,E
6,122.0,6.0,6,6,2008,E
9,16.0,6.4,8,6,2008,E
7,7.8,6.9,13,6,2008,E
4,10.0,6.0,15,6,2008,E
7,18.0,6.1,22,6,2008,E
11,38.0,6.2,26,6,2008,E
10,17.0,6.6,27,6,2008,E
10,15.0,6.1,28,6,2008,E
7,326.0,6.0,29,6,2008,E
3,8.0,7.0,30,6,2008,E
11,581.2,6.2,3,7,2008,E
7,632.8,7.7,5,7,2008,E
8,43.0,6.0,8,7,2008,E
3,123.0,6.2,8,7,2008,E
8,14.0,6.2,13,7,2008,E
9,52.0,6.4,15,7,2008,E
7,22.0,7.0,19,7,2008,E
11,11.0,6.6,19,7,2008,E
11,10.0,6.2,19,7,2008,E
11,391.0,6.4,19,7,2008,E
7,22.0,6.0,21,7,2008,E
7,108.0,6.8,23,7,2008,E
7,27.0,6.2,24,7,2008,E
11,10.0,6.0,28,7,2008,E
6,173.9,6.3,4,8,2008,E
8,6.0,6.0,5,8,2008,E
11,10.0,6.5,9,8,2008,E
11,10.0,6.3,9,8,2008,E
10,20.0,6.2,10,8,2008,E
9,13.0,6.0,11,8,2008,E
8,10.0,6.0,15,8,2008,E
11,8.0,6.1,19,8,2008,E
8,10.0,6.0,21,8,2008,E
2,6.0,6.0,22,8,2008,E
13,12.0,6.7,25,8,2008,E
14,154.0,6.4,26,8,2008,E
8,16.0,6.3,27,8,2008,E
9,12.0,6.3,28,8,2008,E
11,75.0,6.4,30,8,2008,E
8,11.0,6.0,30,8,2008,E
11,171.1,6.0,1,9,2008,E
3,569.6,6.3,3,9,2008,E
11,36.0,6.2,8,9,2008,E
11,110.0,6.9,8,9,2008,E
13,12.0,6.1,10,9,2008,E
14,9.0,6.6,10,9,2008,E
6,96.0,6.6,11,9,2008,E
7,25.0,6.8,11,9,2008,E
4,11.0,6.0,18,9,2008,E
0,12.0,6.4,24,9,2008,E
13,4.0,6.0,25,9,2008,E
11,36.0,7.0,29,9,2008,E
11,10.0,6.1,5,10,2008,E
13,27.4,6.7,5,10,2008,E
13,10.0,6.0,5,10,2008,E
13,12.0,6.3,6,10,2008,E
14,23.0,6.1,11,10,2008,E
3,352.7,6.2,12,10,2008,E
14,24.0,6.7,16,10,2008,E
11,29.0,6.9,19,10,2008,E
11,233.4,6.4,22,10,2008,E
11,10.0,6.3,23,10,2008,E
11,18.3,6.0,28,10,2008,E
13,15.0,6.4,28,10,2008,E
13,14.0,6.4,29,10,2008,E
4,10.0,6.1,30,10,2008,E
11,10.0,6.0,1,11,2008,E
5,36.0,6.1,2,11,2008,E
11,205.7,6.3,4,11,2008,E
11,13.0,6.4,7,11,2008,E
6,10.0,6.2,7,11,2008,E
11,121.0,6.0,8,11,2008,E
13,19.0,6.3,10,11,2008,E
6,30.0,7.4,16,11,2008,E
14,32.0,6.3,19,11,2008,E
11,118.0,6.1,21,11,2008,E
10,24.0,6.3,22,11,2008,E
11,57.3,6.4,22,11,2008,E
9,10.0,6.3,22,11,2008,E
7,492.3,7.3,24,11,2008,E
11,386.0,6.0,29,11,2008,E
6,398.0,6.4,6,12,2008,E
2,11.0,6.3,8,12,2008,E
11,18.0,6.8,9,12,2008,E
11,224.1,6.1,9,12,2008,E
11,51.0,6.0,10,12,2008,E
3,18.0,6.2,18,12,2008,E
3,25.0,6.0,18,12,2008,E
7,19.0,6.3,20,12,2008,E
11,9.0,6.0,24,12,2008,E
6,206.0,6.3,25,12,2008,E
6,17.0,7.7,3,1,2009,E
13,204.8,6.6,3,1,2009,E
6,23.0,7.4,3,1,2009,E
6,16.0,6.0,6,1,2009,E
14,14.0,6.1,8,1,2009,E
2,10.0,6.0,13,1,2009,E
11,27.0,6.7,15,1,2009,E
7,36.0,7.4,15,1,2009,E
11,33.0,6.4,18,1,2009,E
11,12.0,6.6,19,1,2009,E
11,35.0,6.0,19,1,2009,E
11,24.0,6.1,21,1,2009,E
11,44.0,6.1,22,1,2009,E
6,146.7,6.1,22,1,2009,E
3,21.0,6.0,2,2,2009,E
14,15.0,6.0,9,2,2009,E
6,20.0,7.2,11,2,2009,E
6,35.0,6.0,11,2,2009,E
6,26.0,6.0,12,2,2009,E
6,35.0,6.0,12,2,2009,E
6,27.0,6.3,12,2,2009,E
14,21.0,6.1,15,2,2009,E
11,13.0,6.0,17,2,2009,E
11,25.0,7.0,18,2,2009,E
6,32.0,6.0,22,2,2009,E
3,15.0,6.3,28,2,2009,E
5,9.0,6.5,6,3,2009,E
14,9.0,6.3,12,3,2009,E
6,35.0,6.3,16,3,2009,E
11,31.0,7.6,19,3,2009,E
6,93.0,6.0,28,3,2009,E
11,10.0,6.4,1,4,2009,E
6,48.0,6.3,4,4,2009,E
9,8.8,6.3,6,4,2009,E
7,31.0,6.9,7,4,2009,E
10,22.0,6.3,15,4,2009,E
3,20.0,6.7,16,4,2009,E
3,25.0,6.1,17,4,2009,E
7,35.0,6.6,18,4,2009,E
6,25.0,6.1,19,4,2009,E
7,152.0,6.2,21,4,2009,E
11,131.7,6.1,26,4,2009,E
14,108.0,6.3,3,5,2009,E
14,6.0,6.1,10,5,2009,E
11,89.0,6.1,12,5,2009,E
11,43.0,6.5,16,5,2009,E
11,4.0,6.0,24,5,2009,E
14,19.0,7.3,28,5,2009,E
11,15.0,6.3,2,6,2009,E
2,16.0,6.0,4,6,2009,E
7,29.0,6.4,5,6,2009,E
14,14.0,6.0,6,6,2009,E
11,15.0,6.0,12,6,2009,E
6,35.0,6.1,14,6,2009,E
2,10.0,6.1,16,6,2009,E
11,64.0,6.7,23,6,2009,E
9,19.0,6.4,1,7,2009,E
0,10.0,6.0,3,7,2009,E
14,38.0,6.1,4,7,2009,E
5,22.0,6.1,6,7,2009,E
12,19.0,6.1,7,7,2009,E
4,12.0,6.0,8,7,2009,E
3,198.9,6.1,12,7,2009,E
8,17.0,6.3,13,7,2009,E
11,12.0,7.8,15,7,2009,E
11,12.0,6.1,15,7,2009,E
11,13.4,6.1,15,7,2009,E
4,10.0,6.1,1,8,2009,E
6,20.0,6.1,2,8,2009,E
0,10.0,6.9,3,8,2009,E
0,10.0,6.2,3,8,2009,E
8,25.0,6.1,5,8,2009,E
11,10.0,6.1,5,8,2009,E
7,292.0,7.1,9,8,2009,E
11,35.0,6.6,10,8,2009,E
10,24.0,7.5,10,8,2009,E
7,40.4,6.2,10,8,2009,E
7,53.0,6.6,12,8,2009,E
10,20.0,6.7,16,8,2009,E
8,20.0,6.7,17,8,2009,E
8,15.0,6.1,17,8,2009,E
11,269.8,6.3,18,8,2009,E
9,6.0,6.0,20,8,2009,E
6,642.4,6.9,28,8,2009,E
13,13.0,6.3,28,8,2009,E
11,11.0,6.6,30,8,2009,E
10,46.0,7.0,2,9,2009,E
11,257.0,6.2,2,9,2009,E
8,163.0,6.2,3,9,2009,E
10,23.0,6.2,7,9,2009,E
13,15.0,6.0,7,9,2009,E
7,36.0,6.0,10,9,2009,E
14,14.0,6.4,12,9,2009,E
4,10.0,6.2,17,9,2009,E
13,14.0,6.1,21,9,2009,E
11,10.0,6.0,23,9,2009,E
0,13.0,6.4,24,9,2009,E
11,18.0,8.1,29,9,2009,E
11,10.0,6.0,29,9,2009,E
11,10.0,6.0,29,9,2009,E
10,81.0,7.6,30,9,2009,E
10,9.0,6.6,1,10,2009,E
11,8.0,6.1,2,10,2009,E
11,10.0,6.0,2,10,2009,E
8,28.0,6.1,3,10,2009,E
6,620.0,6.6,4,10,2009,E
6,574.0,6.8,7,10,2009,E
11,45.0,7.7,7,10,2009,E
11,35.0,7.8,7,10,2009,E
11,21.0,6.8,7,10,2009,E
11,31.1,7.4,7,10,2009,E
11,35.0,6.8,8,10,2009,E
11,35.0,6.0,8,10,2009,E
11,44.7,6.1,8,10,2009,E
11,35.0,6.0,8,10,2009,E
7,112.0,6.0,10,10,2009,E
11,10.0,6.0,11,10,2009,E
2,10.0,6.2,12,10,2009,E
11,42.0,6.2,12,10,2009,E
5,24.0,6.5,13,10,2009,E
6,32.0,6.0,13,10,2009,E
5,14.0,6.4,13,10,2009,E
11,10.0,6.3,14,10,2009,E
6,105.7,6.0,15,10,2009,E
4,10.0,6.0,15,10,2009,E
10,38.0,6.1,16,10,2009,E
11,18.0,6.0,19,10,2009,E
14,18.0,6.0,22,10,2009,E
13,185.9,6.2,22,10,2009,E
11,31.1,6.0,23,10,2009,E
6,130.0,6.9,24,10,2009,E
11,417.9,6.0,25,10,2009,E
3,10.0,6.0,27,10,2009,E
13,210.0,6.2,29,10,2009,E
8,34.0,6.8,30,10,2009,E
11,9.0,6.2,2,11,2009,E
11,10.0,6.0,5,11,2009,E
6,18.0,6.6,8,11,2009,E
11,595.0,7.3,9,11,2009,E
10,23.0,6.0,10,11,2009,E
3,27.0,6.5,13,11,2009,E
3,220.4,6.2,14,11,2009,E
5,17.0,6.6,17,11,2009,E
11,522.6,6.4,22,11,2009,E
11,435.7,6.2,22,11,2009,E
11,18.0,6.8,24,11,2009,E
6,15.0,6.0,28,11,2009,E
11,28.0,6.0,28,11,2009,E
6,38.8,6.1,28,11,2009,E
4,10.0,6.0,3,12,2009,E
11,45.0,6.4,9,12,2009,E
9,10.0,6.4,9,12,2009,E
10,21.0,6.0,9,12,2009,E
7,656.2,6.3,10,12,2009,E
11,39.0,6.0,14,12,2009,E
8,43.0,6.4,19,12,2009,E
2,6.0,6.0,19,12,2009,E
10,19.0,6.0,23,12,2009,E
7,392.0,6.3,24,12,2009,E
6,85.0,6.1,26,12,2009,E
4,10.0,6.0,31,12,2009,E
1,8.0,6.1,2,1,2010,E
11,10.0,6.6,3,1,2010,E
11,10.0,7.1,3,1,2010,E
3,13.0,6.8,5,1,2010,E
11,15.4,6.8,5,1,2010,E
11,35.0,6.0,5,1,2010,E
11,12.0,6.2,9,1,2010,E
0,28.74,6.5,10,1,2010,E
14,13.0,7.0,12,1,2010,E
14,10.0,6.0,12,1,2010,E
3,5.0,6.3,17,1,2010,E
11,32.0,6.2,1,2,2010,E
2,1.0,6.2,5,2,2010,E
7,30.0,6.0,6,2,2010,E
8,21.0,6.3,7,2,2010,E
11,10.0,6.1,9,2,2010,E
11,11.0,6.1,13,2,2010,E
6,126.0,6.2,15,2,2010,E
7,577.7,6.9,18,2,2010,E
11,15.0,6.0,22,2,2010,E
8,25.0,7.0,26,2,2010,E
3,22.9,8.8,27,2,2010,E
3,39.8,6.0,27,2,2010,E
3,35.0,6.2,27,2,2010,E
3,35.0,6.0,27,2,2010,E
3,35.0,6.0,27,2,2010,E
3,35.0,7.4,27,2,2010,E
3,35.0,6.1,27,2,2010,E
3,35.0,6.1,27,2,2010,E
3,10.0,6.3,27,2,2010,E
3,19.0,6.1,27,2,2010,E
3,31.1,6.2,27,2,2010,E
3,35.0,6.0,27,2,2010,E
3,46.0,6.2,28,2,2010,E
3,20.0,6.1,3,3,2010,E
8,21.0,6.3,4,3,2010,E
3,24.2,6.0,4,3,2010,E
11,176.0,6.5,4,3,2010,E
3,114.0,6.3,4,3,2010,E
3,29.9,6.1,5,3,2010,E
3,18.0,6.6,5,3,2010,E
10,26.0,6.8,5,3,2010,E
4,18.0,6.3,7,3,2010,E
9,12.0,6.1,8,3,2010,E
1,427.0,6.1,8,3,2010,E
3,11.0,6.9,11,3,2010,E
3,18.0,7.0,11,3,2010,E
3,31.5,6.0,11,3,2010,E
6,53.0,6.4,14,3,2010,E
7,32.0,6.5,14,3,2010,E
3,14.0,6.2,15,3,2010,E
3,18.0,6.7,16,3,2010,E
11,414.6,6.6,20,3,2010,E
8,16.0,6.0,25,3,2010,E
3,42.0,6.3,26,3,2010,E
3,29.9,6.0,28,3,2010,E
10,34.0,6.6,30,3,2010,E
3,24.0,6.0,2,4,2010,E
0,9.99,7.2,4,4,2010,E
6,25.0,6.2,5,4,2010,E
10,31.0,7.8,6,4,2010,E
6,23.0,6.0,7,4,2010,E
11,273.2,6.0,10,4,2010,E
11,21.0,6.9,11,4,2010,E
9,609.8,6.3,11,4,2010,E
8,17.0,6.9,13,4,2010,E
8,7.6,6.1,14,4,2010,E
11,53.0,6.2,17,4,2010,E
11,35.0,6.1,21,4,2010,E
3,32.0,6.0,23,4,2010,E
6,27.0,6.0,24,4,2010,E
8,22.0,6.5,26,4,2010,E
5,12.0,6.5,30,4,2010,E
5,14.9,6.3,30,4,2010,E
7,84.0,6.1,3,5,2010,E
3,19.0,6.3,3,5,2010,E
10,27.0,6.5,5,5,2010,E
3,37.0,6.2,6,5,2010,E
10,38.0,7.2,9,5,2010,E
14,132.0,6.0,19,5,2010,E
4,10.0,6.0,19,5,2010,E
4,10.0,6.0,19,5,2010,E
3,101.4,6.1,23,5,2010,E
14,581.2,6.5,24,5,2010,E
9,10.0,6.3,25,5,2010,E
8,10.0,6.5,26,5,2010,E
11,31.0,7.2,27,5,2010,E
11,35.0,6.1,27,5,2010,E
6,20.0,6.0,31,5,2010,E
10,112.0,6.5,31,5,2010,E
14,18.0,6.0,1,6,2010,E
11,12.0,6.0,9,6,2010,E
10,35.0,7.5,12,6,2010,E
6,13.0,6.2,16,6,2010,E
6,18.0,7.0,16,6,2010,E
6,10.5,6.6,16,6,2010,E
11,170.4,6.0,17,6,2010,E
7,28.0,6.2,18,6,2010,E
11,40.0,6.1,24,6,2010,E
11,35.0,6.7,26,6,2010,E
11,581.4,6.4,30,6,2010,E
0,20.0,6.3,30,6,2010,E
11,29.0,6.3,2,7,2010,E
7,27.0,6.3,4,7,2010,E
1,13.0,6.3,10,7,2010,E
3,115.0,6.3,12,7,2010,E
3,22.0,6.6,14,7,2010,E
5,14.0,6.7,18,7,2010,E
11,28.0,6.9,18,7,2010,E
11,35.0,7.4,18,7,2010,E
5,10.0,6.0,18,7,2010,E
11,24.0,6.3,20,7,2010,E
6,100.0,6.1,21,7,2010,E
11,6.0,6.1,22,7,2010,E
6,607.1,7.3,23,7,2010,E
6,578.0,7.6,23,7,2010,E
6,640.6,7.5,23,7,2010,E
6,553.0,6.6,24,7,2010,E
6,618.0,6.6,29,7,2010,E
7,23.0,6.3,30,7,2010,E
6,41.0,6.3,3,8,2010,E
11,19.0,6.0,4,8,2010,E
11,220.0,6.5,4,8,2010,E
5,27.0,6.4,4,8,2010,E
11,44.0,7.0,4,8,2010,E
7,27.8,6.0,4,8,2010,E
11,25.0,7.3,10,8,2010,E
14,206.7,7.1,12,8,2010,E
1,16.0,6.9,13,8,2010,E
1,10.0,6.2,14,8,2010,E
1,13.0,6.6,14,8,2010,E
11,174.7,6.3,15,8,2010,E
2,9.8,6.3,16,8,2010,E
11,603.2,6.2,16,8,2010,E
1,10.0,6.3,18,8,2010,E
11,19.0,6.1,20,8,2010,E
0,10.0,6.2,24,8,2010,E
5,23.5,6.5,3,9,2010,E
11,12.0,7.0,3,9,2010,E
11,69.0,6.1,4,9,2010,E
11,9.0,6.3,7,9,2010,E
11,10.0,6.3,8,9,2010,E
3,16.0,6.2,9,9,2010,E
13,220.1,6.3,17,9,2010,E
6,30.0,6.0,26,9,2010,E
6,10.0,6.2,29,9,2010,E
6,26.0,7.0,29,9,2010,E
8,32.0,6.3,4,10,2010,E
5,19.0,6.4,8,10,2010,E
5,27.7,6.0,8,10,2010,E
6,120.0,6.2,8,10,2010,E
0,13.0,6.7,21,10,2010,E
10,20.1,7.8,25,10,2010,E
10,26.0,6.3,25,10,2010,E
4,10.0,6.4,30,10,2010,E
6,10.0,6.0,3,11,2010,E
11,18.0,6.1,3,11,2010,E
2,10.0,6.5,10,11,2010,E
4,10.0,6.0,21,11,2010,E
11,68.0,6.1,23,11,2010,E
1,470.0,6.8,30,11,2010,E
11,15.2,6.1,1,12,2010,E
11,33.0,6.6,2,12,2010,E
3,29.4,6.3,8,12,2010,E
11,135.8,6.2,13,12,2010,E
6,134.9,6.0,15,12,2010,E
13,12.0,6.7,20,12,2010,E
1,14.0,7.4,21,12,2010,E
1,18.0,6.4,22,12,2010,E
7,18.0,6.4,23,12,2010,E
11,16.0,7.3,25,12,2010,E
11,13.0,6.0,26,12,2010,E
11,551.0,6.3,28,12,2010,E
11,16.0,6.4,29,12,2010,E
3,576.8,7.0,1,1,2011,E
3,24.0,7.2,2,1,2011,E
11,112.2,6.1,5,1,2011,E
11,22.0,6.6,9,1,2011,E
11,18.0,6.1,9,1,2011,E
1,512.0,6.5,12,1,2011,E
11,9.0,7.0,13,1,2011,E
10,36.0,6.0,17,1,2011,E
13,68.0,7.2,18,1,2011,E
13,110.0,6.0,24,1,2011,E
10,23.0,6.1,26,1,2011,E
13,10.0,6.2,27,1,2011,E
9,15.0,6.2,29,1,2011,E
11,76.0,6.0,31,1,2011,E
11,10.0,6.0,3,2,2011,E
8,85.0,6.2,4,2,2011,E
11,415.0,6.4,7,2,2011,E
6,523.2,6.5,10,2,2011,E
6,525.0,6.6,10,2,2011,E
3,26.0,6.9,11,2,2011,E
3,15.0,6.0,11,2,2011,E
3,16.0,6.1,12,2,2011,E
11,85.0,6.1,12,2,2011,E
3,17.0,6.0,13,2,2011,E
3,21.0,6.7,14,2,2011,E
6,16.2,6.1,15,2,2011,E
7,33.0,6.1,20,2,2011,E
11,558.1,6.6,21,2,2011,E
11,5.9,6.1,21,2,2011,E
4,10.0,6.1,1,3,2011,E
3,118.0,6.3,6,3,2011,E
3,87.7,6.5,6,3,2011,E
11,22.0,6.4,7,3,2011,E
7,32.0,7.5,9,3,2011,E
7,22.0,6.0,9,3,2011,E
7,15.0,6.4,9,3,2011,E
11,29.0,6.4,9,3,2011,E
6,510.6,6.6,10,3,2011,E
7,29.0,9.1,11,3,2011,E
7,32.3,6.3,11,3,2011,E
7,35.0,6.4,11,3,2011,E
7,50.7,6.3,11,3,2011,E
7,40.6,6.2,11,3,2011,E
7,42.7,6.3,11,3,2011,E
7,32.3,6.4,11,3,2011,E
7,2.8,6.7,11,3,2011,E
7,25.4,6.2,11,3,2011,E
7,40.1,6.2,11,3,2011,E
7,35.0,6.3,11,3,2011,E
7,42.6,7.9,11,3,2011,E
7,16.0,6.6,11,3,2011,E
7,49.3,6.5,11,3,2011,E
7,51.7,6.2,11,3,2011,E
7,56.3,6.2,11,3,2011,E
7,18.6,7.7,11,3,2011,E
7,40.6,6.1,11,3,2011,E
7,11.7,6.2,11,3,2011,E
7,47.3,6.1,11,3,2011,E
7,47.5,6.0,11,3,2011,E
7,35.9,6.3,11,3,2011,E
7,24.7,6.3,11,3,2011,E
7,39.5,6.1,11,3,2011,E
7,28.4,6.1,11,3,2011,E
7,45.4,6.3,11,3,2011,E
7,49.2,6.0,11,3,2011,E
7,39.6,6.2,11,3,2011,E
7,41.0,6.1,11,3,2011,E
7,6.8,6.5,11,3,2011,E
7,17.0,6.1,11,3,2011,E
7,42.8,6.0,11,3,2011,E
7,37.3,6.0,11,3,2011,E
7,27.6,6.0,11,3,2011,E
7,26.5,6.0,11,3,2011,E
7,25.7,6.6,11,3,2011,E
7,23.7,6.3,11,3,2011,E
7,52.8,6.0,11,3,2011,E
7,9.3,6.3,11,3,2011,E
7,27.1,6.0,11,3,2011,E
7,10.0,6.2,11,3,2011,E
7,17.4,6.1,11,3,2011,E
7,20.0,6.5,12,3,2011,E
7,38.0,6.2,12,3,2011,E
7,15.0,6.1,12,3,2011,E
7,8.0,6.2,13,3,2011,E
7,14.0,6.1,14,3,2011,E
7,28.0,6.1,15,3,2011,E
7,9.0,6.0,15,3,2011,E
7,19.8,6.1,15,3,2011,E
11,17.0,6.3,17,3,2011,E
7,29.0,6.1,17,3,2011,E
8,35.0,6.0,20,3,2011,E
7,11.0,6.5,22,3,2011,E
7,31.0,6.3,22,3,2011,E
7,7.3,6.4,22,3,2011,E
8,8.0,6.8,24,3,2011,E
7,39.0,6.2,25,3,2011,E
11,10.0,6.1,26,3,2011,E
7,19.0,6.2,27,3,2011,E
7,15.0,6.1,29,3,2011,E
11,15.5,6.4,31,3,2011,E
7,42.0,6.1,31,3,2011,E
7,41.0,6.0,1,4,2011,E
9,59.9,6.1,1,4,2011,E
11,551.7,6.4,3,4,2011,E
10,14.0,6.8,3,4,2011,E
10,25.3,6.0,6,4,2011,E
0,166.2,6.7,7,4,2011,E
7,42.0,7.1,7,4,2011,E
8,17.3,6.0,9,4,2011,E
7,11.0,6.6,11,4,2011,E
7,15.0,6.2,11,4,2011,E
7,11.0,6.0,12,4,2011,E
7,22.0,6.1,13,4,2011,E
11,86.0,6.6,18,4,2011,E
7,43.0,6.2,21,4,2011,E
11,79.0,6.8,23,4,2011,E
7,31.0,6.0,23,4,2011,E
6,8.0,6.1,24,4,2011,E
14,8.0,6.2,30,4,2011,E
7,11.0,6.1,5,5,2011,E
11,9.0,6.1,9,5,2011,E
11,11.0,6.9,10,5,2011,E
14,72.8,6.0,13,5,2011,E
7,35.0,6.1,13,5,2011,E
13,207.3,6.0,14,5,2011,E
14,10.0,6.1,15,5,2011,E
11,40.0,6.5,15,5,2011,E
3,21.0,6.3,1,6,2011,E
7,14.0,6.2,3,6,2011,E
11,3.0,6.4,5,6,2011,E
11,6.1,6.0,13,6,2011,E
6,61.1,6.4,13,6,2011,E
11,16.0,6.3,16,6,2011,E
3,128.0,6.5,20,6,2011,E
11,14.0,6.0,21,6,2011,E
7,33.0,6.7,22,6,2011,E
5,52.0,7.3,24,6,2011,E
6,17.0,6.4,26,6,2011,E
11,17.0,7.6,6,7,2011,E
11,14.0,6.0,9,7,2011,E
7,23.0,7.0,10,7,2011,E
11,11.0,6.1,11,7,2011,E
6,19.0,6.4,11,7,2011,E
3,10.0,6.2,15,7,2011,E
3,20.0,6.1,16,7,2011,E
5,36.0,6.2,16,7,2011,E
13,20.0,6.1,19,7,2011,E
11,21.0,6.0,20,7,2011,E
11,612.1,6.0,22,7,2011,E
7,41.0,6.4,23,7,2011,E
7,35.0,6.3,24,7,2011,E
11,10.0,6.4,25,7,2011,E
0,12.0,6.0,26,7,2011,E
14,10.0,6.0,27,7,2011,E
11,523.0,6.7,29,7,2011,E
7,30.0,6.5,30,7,2011,E
11,10.0,6.2,31,7,2011,E
11,10.0,6.6,31,7,2011,E
7,36.0,6.1,4,8,2011,E
9,10.0,6.0,10,8,2011,E
6,35.0,6.0,16,8,2011,E
7,9.0,6.2,17,8,2011,E
11,407.9,6.2,19,8,2011,E
7,47.0,6.3,19,8,2011,E
11,32.0,7.1,20,8,2011,E
11,35.0,6.5,20,8,2011,E
11,28.0,7.1,20,8,2011,E
7,12.0,6.0,22,8,2011,E
10,29.0,6.1,22,8,2011,E
14,147.0,7.0,24,8,2011,E
11,13.0,6.2,24,8,2011,E
6,469.8,6.9,30,8,2011,E
11,39.0,6.1,1,9,2011,E
5,32.0,6.8,2,9,2011,E
3,578.9,6.7,2,9,2011,E
3,84.0,6.4,3,9,2011,E
11,185.1,7.0,3,9,2011,E
11,37.0,6.3,5,9,2011,E
10,91.0,6.7,5,9,2011,E
5,22.0,6.5,9,9,2011,E
11,14.0,6.0,12,9,2011,E
5,15.0,6.0,14,9,2011,E
11,10.0,6.1,15,9,2011,E
7,28.0,6.2,15,9,2011,E
11,644.6,7.3,15,9,2011,E
7,35.0,6.7,16,9,2011,E
7,18.0,6.0,16,9,2011,E
13,50.0,6.9,18,9,2011,E
11,10.0,6.4,22,9,2011,E
3,15.0,6.1,6,10,2011,E
11,36.0,6.1,7,10,2011,E
6,39.0,6.2,13,10,2011,E
11,37.0,6.5,14,10,2011,E
7,12.0,6.1,14,10,2011,E
11,26.0,6.1,18,10,2011,E
7,187.0,6.1,21,10,2011,E
11,33.0,7.4,21,10,2011,E
13,16.0,7.3,23,10,2011,E
13,5.0,6.0,23,10,2011,E
11,602.9,6.0,27,10,2011,E
3,24.0,6.9,28,10,2011,E
0,10.0,6.3,1,11,2011,E
4,10.0,6.2,2,11,2011,E
14,177.0,6.1,7,11,2011,E
8,224.9,6.9,8,11,2011,E
4,10.0,6.1,11,11,2011,E
6,17.0,6.3,14,11,2011,E
14,26.6,6.0,17,11,2011,E
3,549.9,6.6,22,11,2011,E
7,34.0,6.1,23,11,2011,E
7,38.0,6.2,24,11,2011,E
11,25.0,6.2,28,11,2011,E
9,10.0,6.0,29,11,2011,E
8,9.0,6.0,30,11,2011,E
3,20.0,6.1,7,12,2011,E
0,54.2,6.5,11,12,2011,E
3,116.0,6.2,11,12,2011,E
6,161.0,6.0,13,12,2011,E
11,140.9,7.1,14,12,2011,E
11,32.0,6.0,15,12,2011,E
11,90.0,6.0,26,12,2011,E
13,15.0,6.6,27,12,2011,E
7,365.3,6.8,1,1,2012,E
11,28.0,6.4,9,1,2012,E
10,19.0,7.2,10,1,2012,E
3,8.0,6.6,15,1,2012,E
3,10.0,6.0,15,1,2012,E
0,45.0,6.3,21,1,2012,E
3,13.0,6.0,22,1,2012,E
3,20.0,6.2,23,1,2012,E
11,580.3,6.4,24,1,2012,E
3,43.0,6.4,30,1,2012,E
11,23.0,7.1,2,2,2012,E
11,8.0,6.1,3,2,2012,E
11,145.0,6.1,5,2,2012,E
11,8.0,6.1,5,2,2012,E
6,11.0,6.7,6,2,2012,E
6,9.0,6.0,6,2,2012,E
11,582.3,6.0,10,2,2012,E
11,51.0,6.4,14,2,2012,E
11,10.0,6.0,26,2,2012,E
13,12.0,6.7,26,2,2012,E
11,14.0,6.6,3,3,2012,E
3,553.9,6.1,5,3,2012,E
11,16.0,6.7,9,3,2012,E
7,12.0,7.0,14,3,2012,E
7,10.0,6.1,14,3,2012,E
7,10.0,6.0,14,3,2012,E
11,28.0,6.2,14,3,2012,E
6,66.0,6.2,20,3,2012,E
0,20.0,7.4,20,3,2012,E
11,118.0,6.6,21,3,2012,E
3,40.7,7.1,25,3,2012,E
0,10.0,6.0,26,3,2012,E
7,15.0,6.1,27,3,2012,E
0,9.0,6.0,2,4,2012,E
11,108.5,6.1,6,4,2012,E
10,20.0,8.6,11,4,2012,E
10,10.0,6.0,11,4,2012,E
10,25.1,8.2,11,4,2012,E
5,8.0,6.0,11,4,2012,E
0,20.0,6.7,11,4,2012,E
0,9.0,6.0,12,4,2012,E
0,13.0,7.0,12,4,2012,E
3,15.0,6.2,14,4,2012,E
11,11.0,6.3,14,4,2012,E
10,25.0,6.2,15,4,2012,E
3,29.0,6.7,17,4,2012,E
11,198.0,6.8,17,4,2012,E
3,12.0,6.2,17,4,2012,E
6,16.0,6.7,21,4,2012,E
6,17.4,6.0,21,4,2012,E
11,114.0,6.0,23,4,2012,E
11,134.7,6.7,28,4,2012,E
14,14.0,6.0,1,5,2012,E
3,105.9,6.2,14,5,2012,E
3,10.0,6.3,18,5,2012,E
9,6.3,6.1,20,5,2012,E
7,11.0,6.3,20,5,2012,E
7,46.0,6.0,23,5,2012,E
11,10.0,6.0,23,5,2012,E
9,10.0,6.2,24,5,2012,E
1,487.4,6.0,26,5,2012,E
3,586.9,6.8,28,5,2012,E
3,527.0,6.0,2,6,2012,E
14,7.0,6.3,4,6,2012,E
14,7.0,6.3,4,6,2012,E
7,15.0,6.1,5,6,2012,E
3,8.0,6.0,7,6,2012,E
3,110.0,6.1,7,6,2012,E
9,35.0,6.0,10,6,2012,E
7,36.0,6.4,17,6,2012,E
7,14.0,6.1,19,6,2012,E
10,95.0,6.1,23,6,2012,E
7,10.0,6.1,24,6,2012,E
13,18.0,6.3,29,6,2012,E
11,229.8,6.3,3,7,2012,E
11,160.1,6.3,6,7,2012,E
7,20.0,6.0,8,7,2012,E
11,536.9,6.0,18,7,2012,E
7,19.0,6.1,20,7,2012,E
10,22.0,6.4,25,7,2012,E
11,20.0,6.4,25,7,2012,E
2,20.0,6.7,26,7,2012,E
11,41.0,6.5,28,7,2012,E
14,144.6,6.1,2,8,2012,E
11,46.0,6.1,2,8,2012,E
5,13.0,6.2,10,8,2012,E
13,11.0,6.4,11,8,2012,E
13,12.0,6.3,11,8,2012,E
13,13.0,6.3,12,8,2012,E
7,583.2,7.7,14,8,2012,E
6,10.0,6.3,18,8,2012,E
11,73.0,6.3,19,8,2012,E
6,91.1,6.6,26,8,2012,E
14,28.0,7.4,27,8,2012,E
9,14.0,6.8,30,8,2012,E
6,28.0,7.6,31,8,2012,E
6,14.0,6.2,3,9,2012,E
11,27.0,6.0,5,9,2012,E
14,35.0,7.6,5,9,2012,E
6,21.0,6.1,8,9,2012,E
7,31.0,6.0,9,9,2012,E
10,19.0,6.2,14,9,2012,E
0,10.0,6.3,25,9,2012,E
5,16.0,6.4,26,9,2012,E
11,10.0,6.0,27,9,2012,E
14,170.0,7.3,30,9,2012,E
7,15.0,6.1,1,10,2012,E
0,14.0,6.0,8,10,2012,E
6,10.0,6.3,8,10,2012,E
11,10.0,6.6,9,10,2012,E
6,13.0,6.6,12,10,2012,E
6,326.0,6.1,17,10,2012,E
11,36.0,6.2,20,10,2012,E
1,436.0,6.0,23,10,2012,E
14,17.0,6.5,24,10,2012,E
5,14.0,7.8,28,10,2012,E
5,5.0,7.7,28,10,2012,E
5,9.0,6.3,28,10,2012,E
5,0.0,6.3,28,10,2012,E
5,9.0,6.2,30,10,2012,E
5,0.0,6.2,30,10,2012,E
6,37.0,6.1,2,11,2012,E
14,24.0,7.4,7,11,2012,E
5,13.7,6.1,8,11,2012,E
14,129.0,6.0,10,11,2012,E
8,13.7,6.8,11,11,2012,E
14,20.0,6.5,11,11,2012,E
5,10.93,6.0,12,11,2012,E
3,9.0,6.1,13,11,2012,E
3,63.0,6.2,14,11,2012,E
0,53.0,6.1,15,11,2012,E
7,29.0,6.5,16,11,2012,E
11,13.0,6.0,19,11,2012,E
3,516.6,6.0,22,11,2012,E
11,247.5,6.2,29,11,2012,E
11,32.0,6.2,2,12,2012,E
7,31.0,7.3,7,12,2012,E
7,32.0,6.2,7,12,2012,E
11,167.5,6.4,7,12,2012,E
6,155.0,7.1,10,12,2012,E
6,29.7,6.0,11,12,2012,E
0,11.3,6.4,14,12,2012,E
0,11.0,6.3,14,12,2012,E
5,26.0,6.0,15,12,2012,E
11,52.0,6.1,15,12,2012,E
6,18.5,6.1,17,12,2012,E
11,234.6,6.1,21,12,2012,E
11,188.0,6.7,21,12,2012,E
10,28.6,6.0,25,12,2012,E
11,10.1,6.0,29,12,2012,E
5,10.0,7.5,5,1,2013,E
4,10.0,6.1,15,1,2013,E
10,11.6,6.1,21,1,2013,E
13,15.0,6.1,28,1,2013,E
3,45.0,6.8,30,1,2013,E
11,11.0,6.1,30,1,2013,E
11,9.2,6.1,31,1,2013,E
11,15.0,6.0,1,2,2013,E
11,10.0,6.3,1,2,2013,E
11,10.0,6.4,1,2,2013,E
7,107.0,6.9,2,2,2013,E
11,3.2,6.0,2,2,2013,E
11,12.6,6.0,6,2,2013,E
11,28.7,8.0,6,2,2013,E
11,10.14,7.1,6,2,2013,E
11,9.8,7.0,6,2,2013,E
11,10.1,6.1,6,2,2013,E
11,10.0,6.0,6,2,2013,E
11,14.0,6.0,6,2,2013,E
11,8.0,6.0,7,2,2013,E
11,10.0,6.7,7,2,2013,E
11,15.9,6.8,8,2,2013,E
11,21.0,7.1,8,2,2013,E
14,145.0,6.9,9,2,2013,E
11,15.6,6.6,9,2,2013,E
11,11.0,6.0,10,2,2013,E
7,9.9,6.6,14,2,2013,E
6,105.0,6.1,16,2,2013,E
3,585.8,6.1,22,2,2013,E
7,41.0,6.9,28,2,2013,E
7,40.9,6.4,1,3,2013,E
7,29.0,6.5,1,3,2013,E
11,28.9,6.5,10,3,2013,E
11,10.0,6.1,24,3,2013,E
14,189.0,6.2,25,3,2013,E
7,20.89,6.0,1,4,2013,E
7,561.9,6.3,5,4,2013,E
6,66.0,7.0,6,4,2013,E
13,10.0,6.4,9,4,2013,E
11,280.2,6.0,13,4,2013,E
11,31.0,6.6,14,4,2013,E
13,82.0,7.7,16,4,2013,E
6,13.0,6.6,16,4,2013,E
7,112.2,7.2,19,4,2013,E
7,20.0,6.1,19,4,2013,E
8,14.0,6.6,20,4,2013,E
7,18.0,6.1,20,4,2013,E
7,421.9,6.1,21,4,2013,E
0,30.0,6.0,22,4,2013,E
11,23.3,6.5,23,4,2013,E
11,351.0,6.1,26,4,2013,E
11,349.02,6.2,26,4,2013,E
11,70.1,6.0,7,5,2013,E
13,15.0,6.1,11,5,2013,E
11,212.2,6.4,11,5,2013,E
1,602.3,6.8,14,5,2013,E
7,39.0,6.0,18,5,2013,E
3,10.0,6.4,20,5,2013,E
7,15.1,6.0,21,5,2013,E
7,36.7,6.1,21,5,2013,E
11,171.4,7.4,23,5,2013,E
11,149.1,6.3,23,5,2013,E
7,608.9,8.3,24,5,2013,E
7,623.0,6.7,24,5,2013,E
8,17.0,6.2,2,6,2013,E
11,39.0,6.1,5,6,2013,E
10,8.6,6.7,13,6,2013,E
11,195.0,6.0,15,6,2013,E
9,10.0,6.2,15,6,2013,E
14,35.81,6.5,15,6,2013,E
9,26.0,6.0,16,6,2013,E
14,10.0,6.6,24,6,2013,E
10,10.0,6.1,2,7,2013,E
11,72.0,6.1,4,7,2013,E
10,19.7,6.0,6,7,2013,E
11,386.25,7.3,7,7,2013,E
11,62.03,6.6,7,7,2013,E
3,30.98,7.3,15,7,2013,E
11,44.25,6.0,16,7,2013,E
3,6.59,6.0,17,7,2013,E
11,14.0,6.5,21,7,2013,E
2,10.0,6.1,22,7,2013,E
11,132.61,6.1,26,7,2013,E
3,10.04,6.2,26,7,2013,E
11,31.65,6.0,1,8,2013,E
6,95.0,6.0,12,8,2013,E
11,325.19,6.0,12,8,2013,E
14,10.0,6.2,12,8,2013,E
14,12.0,6.7,13,8,2013,E
11,8.2,6.5,16,8,2013,E
2,10.0,6.1,17,8,2013,E
0,21.0,6.2,21,8,2013,E
11,488.61,6.1,28,8,2013,E
5,33.53,7.0,30,8,2013,E
6,112.0,6.5,1,9,2013,E
5,2.73,6.1,3,9,2013,E
7,402.0,6.5,4,9,2013,E
5,9.92,6.0,4,9,2013,E
5,20.0,6.5,4,9,2013,E
5,17.0,6.0,4,9,2013,E
14,10.0,6.0,5,9,2013,E
14,66.0,6.4,7,9,2013,E
4,10.52,6.1,11,9,2013,E
5,24.02,6.1,15,9,2013,E
6,549.92,6.1,21,9,2013,E
13,15.0,7.7,24,9,2013,E
3,40.0,7.1,25,9,2013,E
13,12.0,6.8,28,9,2013,E
11,41.54,6.5,30,9,2013,E
7,580.21,6.7,1,10,2013,E
2,12.72,6.4,4,10,2013,E
1,104.0,6.0,6,10,2013,E
4,10.28,6.2,6,10,2013,E
11,151.0,6.2,11,10,2013,E
14,63.0,6.0,12,10,2013,E
9,40.0,6.6,12,10,2013,E
6,22.76,7.1,15,10,2013,E
11,35.0,6.8,16,10,2013,E
0,9.45,6.6,19,10,2013,E
3,26.09,6.7,24,10,2013,E
7,25.67,7.1,25,10,2013,E
11,9.97,6.0,29,10,2013,E
3,17.87,6.2,30,10,2013,E
8,12.0,6.3,31,10,2013,E
3,29.0,6.6,31,10,2013,E
4,9.96,6.0,2,11,2013,E
11,10.05,6.2,2,11,2013,E
7,43.0,6.4,12,11,2013,E
3,11.07,6.1,13,11,2013,E
3,9.97,6.9,16,11,2013,E
3,10.0,7.7,17,11,2013,E
6,59.77,6.0,19,11,2013,E
1,511.0,6.0,19,11,2013,E
11,371.0,6.5,23,11,2013,E
3,10.0,7.0,25,11,2013,E
6,9.96,6.4,1,12,2013,E
10,20.0,6.0,1,12,2013,E
7,28.0,6.0,8,12,2013,E
1,9.0,6.2,17,12,2013,E
11,187.0,6.5,1,1,2014,E
14,20.0,6.4,13,1,2014,E
11,28.0,6.2,20,1,2014,E
10,66.0,6.1,25,1,2014,E
9,12.44,6.1,26,1,2014,E
3,129.97,6.1,1,2,2014,E
11,44.26,6.5,2,2,2014,E
9,5.0,6.0,3,2,2014,E
11,122.0,6.5,7,2,2014,E
11,41.8,6.0,9,2,2014,E
13,10.0,6.9,12,2,2014,E
14,14.83,6.5,18,2,2014,E
5,265.0,6.1,26,2,2014,E
14,60.0,6.2,2,3,2014,E
8,119.0,6.5,2,3,2014,E
14,20.53,6.0,2,3,2014,E
11,638.0,6.3,5,3,2014,E
0,16.44,6.8,10,3,2014,E
3,10.0,6.4,11,3,2014,E
11,7.0,6.1,11,3,2014,E
7,79.0,6.3,13,3,2014,E
3,20.0,6.1,15,3,2014,E
14,29.0,6.3,15,3,2014,E
3,20.0,6.7,16,3,2014,E
3,21.0,6.2,17,3,2014,E
10,10.0,6.4,21,3,2014,E
3,20.0,6.2,22,3,2014,E
3,21.0,6.2,23,3,2014,E
11,493.09,6.5,26,3,2014,E
3,25.0,8.2,1,4,2014,E
3,28.42,6.9,1,4,2014,E
14,25.0,6.0,2,4,2014,E
3,23.57,6.5,3,4,2014,E
3,35.0,7.7,3,4,2014,E
3,25.0,6.3,3,4,2014,E
3,9.83,6.2,4,4,2014,E
11,57.0,6.0,4,4,2014,E
14,13.0,6.1,10,4,2014,E
3,13.13,6.0,11,4,2014,E
11,55.78,7.1,11,4,2014,E
11,20.0,6.5,11,4,2014,E
14,135.0,6.6,11,4,2014,E
11,20.0,6.1,12,4,2014,E
11,22.56,7.6,12,4,2014,E
11,38.4,7.4,13,4,2014,E
11,10.0,6.6,13,4,2014,E
2,11.74,6.9,15,4,2014,E
11,20.56,6.2,17,4,2014,E
11,10.0,6.1,18,4,2014,E
0,24.0,7.2,18,4,2014,E
11,23.34,6.6,19,4,2014,E
11,30.87,7.5,19,4,2014,E
11,20.0,6.2,20,4,2014,E
5,11.4,6.6,24,4,2014,E
11,45.0,6.1,26,4,2014,E
11,106.0,6.6,1,5,2014,E
11,527.0,6.6,4,5,2014,E
11,634.21,6.3,4,5,2014,E
7,153.0,6.0,4,5,2014,E
8,6.0,6.1,5,5,2014,E
4,16.83,6.3,6,5,2014,E
11,10.0,6.0,7,5,2014,E
0,17.09,6.4,8,5,2014,E
0,23.0,6.0,10,5,2014,E
4,10.47,6.5,12,5,2014,E
14,10.0,6.5,13,5,2014,E
1,10.0,6.1,14,5,2014,E
1,11.0,6.3,15,5,2014,E
6,15.46,6.3,15,5,2014,E
10,35.0,6.0,18,5,2014,E
10,47.23,6.0,21,5,2014,E
9,6.43,6.9,24,5,2014,E
0,5.0,6.2,31,5,2014,E
10,4.0,6.5,14,6,2014,E
11,36.0,6.2,19,6,2014,E
11,20.0,6.9,23,6,2014,E
11,10.0,6.5,23,6,2014,E
11,26.59,6.7,23,6,2014,E
5,109.0,7.9,23,6,2014,E
5,102.85,6.0,23,6,2014,E
5,101.88,6.0,23,6,2014,E
5,106.6,6.0,23,6,2014,E
5,4.0,6.3,24,6,2014,E
1,48.0,6.2,29,6,2014,E
3,8.0,6.9,29,6,2014,E
3,10.0,6.0,29,6,2014,E
11,9.0,6.4,29,6,2014,E
11,18.0,6.7,29,6,2014,E
1,511.0,6.2,30,6,2014,E
11,10.0,6.0,2,7,2014,E
11,35.0,6.3,3,7,2014,E
11,20.0,6.5,4,7,2014,E
10,20.0,6.0,5,7,2014,E
14,53.0,6.9,7,7,2014,E
11,110.24,6.2,8,7,2014,E
7,20.0,6.5,11,7,2014,E
6,20.0,6.3,14,7,2014,E
5,10.0,6.0,17,7,2014,E
11,227.27,6.2,19,7,2014,E
13,10.0,6.0,19,7,2014,E
7,61.0,6.2,20,7,2014,E
11,615.42,6.9,21,7,2014,E
5,10.0,6.1,25,7,2014,E
14,10.0,6.0,27,7,2014,E
0,107.0,6.3,29,7,2014,E
11,9.77,6.0,29,7,2014,E
11,13.0,6.9,3,8,2014,E
8,12.0,6.2,3,8,2014,E
6,10.0,6.2,6,8,2014,E
7,41.0,6.1,10,8,2014,E
13,10.2,6.2,18,8,2014,E
13,5.0,6.0,18,8,2014,E
3,32.0,6.4,23,8,2014,E
0,11.12,6.02,24,8,2014,E
3,101.0,6.8,24,8,2014,E
11,35.0,6.0,4,9,2014,E
4,7.0,6.1,6,9,2014,E
0,17.0,6.2,6,9,2014,E
6,35.0,6.2,10,9,2014,E
1,130.0,6.7,17,9,2014,E
3,224.0,6.2,24,9,2014,E
11,4.0,6.1,25,9,2014,E
5,108.9,6.2,25,9,2014,E
11,42.0,6.0,1,10,2014,E
8,8.51,6.1,7,10,2014,E
0,10.0,6.1,8,10,2014,E
4,16.54,7.0,9,10,2014,E
4,10.0,6.6,9,10,2014,E
7,22.0,6.1,11,10,2014,E
14,40.0,7.3,14,10,2014,E
11,8.0,6.0,28,10,2014,E
4,10.0,6.0,1,11,2014,E
11,434.0,7.1,1,11,2014,E
11,10.0,6.0,2,11,2014,E
2,10.0,6.3,3,11,2014,E
11,53.19,6.6,7,11,2014,E
11,10.0,6.0,13,11,2014,E
6,45.0,7.1,15,11,2014,E
11,22.0,6.7,16,11,2014,E
2,10.0,6.1,17,11,2014,E
6,35.0,6.5,21,11,2014,E
7,9.0,6.2,22,11,2014,E
6,39.0,6.8,26,11,2014,E
6,614.0,6.6,2,12,2014,E
14,15.0,6.0,6,12,2014,E
6,116.0,6.0,6,12,2014,E
11,23.0,6.6,7,12,2014,E
14,32.0,6.1,7,12,2014,E
14,20.0,6.6,8,12,2014,E
8,256.0,6.1,10,12,2014,E
6,41.0,6.3,21,12,2014,E
6,8.0,6.1,29,12,2014,E
11,599.28,6.0,30,12,2014,E
14,8.0,6.5,7,1,2015,E
11,220.03,6.8,23,1,2015,E
11,484.12,6.2,28,1,2015,E
11,7.08,6.0,30,1,2015,E
3,172.0,6.3,2,2,2015,E
3,223.0,6.7,11,2,2015,E
9,16.68,7.1,13,2,2015,E
8,29.67,6.2,13,2,2015,E
3,13.0,6.2,16,2,2015,E
7,23.0,6.7,16,2,2015,E
11,10.0,6.1,18,2,2015,E
11,10.0,6.4,19,2,2015,E
7,10.0,6.2,20,2,2015,E
7,7.0,6.0,21,2,2015,E
0,5.0,6.2,22,2,2015,E
6,550.73,7.0,27,2,2015,E
10,28.0,6.1,3,3,2015,E
14,155.0,6.2,10,3,2015,E
6,31.0,6.1,15,3,2015,E
6,44.0,6.2,17,3,2015,E
3,13.0,6.2,18,3,2015,E
3,130.0,6.4,23,3,2015,E
11,41.0,7.5,29,3,2015,E
11,11.5,6.4,30,3,2015,E
11,15.5,6.5,30,3,2015,E
11,30.0,6.3,7,4,2015,E
9,20.0,6.0,16,4,2015,E
11,10.0,6.5,17,4,2015,E
8,29.0,6.4,20,4,2015,E
8,29.0,6.0,20,4,2015,E
8,29.0,6.1,20,4,2015,E
11,72.0,6.2,22,4,2015,E
11,52.0,6.1,24,4,2015,E
5,10.0,6.2,24,4,2015,E
13,15.0,7.8,25,4,2015,E
13,10.0,6.1,25,4,2015,E
13,10.0,6.6,25,4,2015,E
13,24.79,6.7,26,4,2015,E
11,579.35,6.1,28,4,2015,E
11,48.88,6.7,30,4,2015,E
11,44.0,6.8,1,5,2015,E
11,35.0,6.0,1,5,2015,E
11,24.0,6.0,3,5,2015,E
11,55.0,7.5,5,5,2015,E
11,10.0,7.1,7,5,2015,E
7,6.0,6.0,10,5,2015,E
13,15.0,7.3,12,5,2015,E
13,15.0,6.3,12,5,2015,E
7,35.0,6.8,12,5,2015,E
10,151.0,6.0,15,5,2015,E
4,7.2,6.7,19,5,2015,E
11,203.0,6.0,20,5,2015,E
11,11.0,6.8,20,5,2015,E
11,11.24,6.9,22,5,2015,E
11,10.0,6.8,22,5,2015,E
3,10.0,6.3,24,5,2015,E
11,10.0,6.2,24,5,2015,E
5,72.6,6.8,29,5,2015,E
1,664.0,7.8,30,5,2015,E
11,10.0,6.0,30,5,2015,E
7,5.74,6.2,30,5,2015,E
6,10.0,6.0,4,6,2015,E
7,42.0,6.1,8,6,2015,E
3,124.0,6.0,10,6,2015,E
11,48.0,6.0,12,6,2015,E
3,10.0,7.0,17,6,2015,E
3,10.0,6.4,20,6,2015,E
11,562.09,6.0,21,6,2015,E
1,460.0,6.5,23,6,2015,E
11,10.0,6.0,25,6,2015,E
11,35.0,6.0,30,6,2015,E
11,12.0,6.0,1,7,2015,E
13,20.0,6.4,3,7,2015,E
6,32.0,6.1,3,7,2015,E
7,49.0,6.3,7,7,2015,E
11,12.0,6.7,10,7,2015,E
14,17.03,6.5,16,7,2015,E
11,10.0,7.0,18,7,2015,E
5,29.0,6.9,27,7,2015,E
6,48.0,7.0,27,7,2015,E
5,119.3,6.3,29,7,2015,E
11,269.0,6.0,6,8,2015,E
11,22.0,6.6,10,8,2015,E
11,6.43,6.5,12,8,2015,E
2,10.0,6.0,13,8,2015,E
11,8.0,6.4,15,8,2015,E
7,8.0,6.0,1,9,2015,E
11,17.0,6.3,7,9,2015,E
5,20.0,6.0,10,9,2015,E
0,10.0,6.7,13,9,2015,E
6,39.47,6.3,16,9,2015,E
11,6.0,6.1,16,9,2015,E
3,22.44,8.3,16,9,2015,E
3,26.7,6.4,16,9,2015,E
3,19.1,6.1,16,9,2015,E
3,35.0,6.1,16,9,2015,E
3,28.41,7.0,16,9,2015,E
3,42.32,6.4,17,9,2015,E
3,27.0,6.5,17,9,2015,E
3,23.0,6.7,17,9,2015,E
3,8.65,6.3,18,9,2015,E
14,10.0,6.0,18,9,2015,E
3,6.0,6.1,19,9,2015,E
3,18.0,6.2,19,9,2015,E
3,30.0,6.1,21,9,2015,E
3,35.0,6.6,21,9,2015,E
3,63.3,6.2,22,9,2015,E
6,18.0,6.6,24,9,2015,E
3,38.07,6.2,26,9,2015,E
4,10.0,6.1,11,10,2015,E
7,12.0,6.0,14,10,2015,E
11,12.0,6.0,18,10,2015,E
11,135.0,7.1,20,10,2015,E
2,11.0,6.0,23,10,2015,E
2,10.0,6.0,23,10,2015,E
13,212.52,7.5,26,10,2015,E
6,20.0,6.5,4,11,2015,E
3,13.0,6.2,7,11,2015,E
3,46.0,6.8,7,11,2015,E
10,10.0,6.6,8,11,2015,E
5,15.0,6.5,9,11,2015,E
3,12.0,6.9,11,11,2015,E
3,10.0,6.9,11,11,2015,E
8,12.0,6.7,13,11,2015,E
9,11.0,6.5,17,11,2015,E
11,14.2,7.0,18,11,2015,E
6,82.0,6.1,21,11,2015,E
1,586.93,6.0,24,11,2015,E
3,605.72,7.6,24,11,2015,E
3,611.71,7.6,24,11,2015,E
3,599.35,6.7,26,11,2015,E
3,35.0,6.2,27,11,2015,E
2,35.0,7.1,4,12,2015,E
13,33.0,7.2,7,12,2015,E
6,21.0,6.9,9,12,2015,E
11,10.0,6.1,9,12,2015,E
0,85.95,6.6,17,12,2015,E
11,10.0,6.0,19,12,2015,E
6,6.93,6.1,20,12,2015,E
4,12.28,6.2,24,12,2015,E
13,206.0,6.3,25,12,2015,E
11,10.0,6.3,1,1,2016,E
13,55.0,6.7,3,1,2016,E
4,10.0,6.0,5,1,2016,E
6,13.0,6.5,11,1,2016,E
7,238.81,6.2,11,1,2016,E
3,582.56,6.1,14,1,2016,E
7,46.0,6.7,14,1,2016,E
0,10.0,6.6,21,1,2016,E
5,125.6,7.1,24,1,2016,E
9,12.0,6.3,25,1,2016,E
7,163.22,7.2,30,1,2016,E
11,10.0,6.1,31,1,2016,E
11,391.0,6.2,1,2,2016,E
8,23.0,6.4,5,2,2016,E
11,29.0,6.4,8,2,2016,E
3,29.0,6.3,10,2,2016,E
6,28.0,6.3,12,2,2016,E
11,10.0,6.0,15,2,2016,E
4,13.0,6.1,16,2,2016,E
6,10.0,6.0,17,2,2016,E
11,10.0,6.1,27,2,2016,E
10,24.0,7.8,2,3,2016,E
5,19.0,6.3,12,3,2016,E
5,17.0,6.0,19,3,2016,E
14,26.0,6.0,19,3,2016,E
7,30.0,6.4,20,3,2016,E
11,6.0,6.2,1,4,2016,E
5,11.4,6.2,2,4,2016,E
11,26.0,6.9,3,4,2016,E
11,24.0,6.7,6,4,2016,E
10,29.0,6.1,6,4,2016,E
11,27.59,6.7,7,4,2016,E
13,212.0,6.6,10,4,2016,E
8,136.0,6.9,13,4,2016,E
6,17.0,6.0,13,4,2016,E
8,9.0,6.2,14,4,2016,E
8,8.0,6.0,14,4,2016,E
11,16.0,6.4,14,4,2016,E
14,25.0,6.1,15,4,2016,E
8,10.0,7.0,15,4,2016,E
14,21.0,7.8,16,4,2016,E
3,14.0,6.2,19,4,2016,E
14,14.0,6.2,20,4,2016,E
14,10.0,6.0,20,4,2016,E
14,10.0,6.0,22,4,2016,E
0,16.0,6.0,27,4,2016,E
11,24.0,7.0,28,4,2016,E
0,10.0,6.6,29,4,2016,E
14,16.0,6.7,18,5,2016,E
14,29.95,6.9,18,5,2016,E
6,10.0,6.0,20,5,2016,E
11,567.48,6.4,27,5,2016,E
11,405.58,6.9,28,5,2016,E
3,78.0,7.2,28,5,2016,E
8,244.11,6.4,31,5,2016,E
10,50.0,6.6,1,6,2016,E
6,429.62,6.3,5,6,2016,E
11,43.83,6.1,6,6,2016,E
0,10.0,6.2,7,6,2016,E
6,30.68,6.3,7,6,2016,E
6,19.0,6.1,9,6,2016,E
14,10.0,6.1,10,6,2016,E
11,30.4,6.2,10,6,2016,E
11,111.0,6.2,14,6,2016,E
11,13.0,6.3,19,6,2016,E
11,15.0,6.0,20,6,2016,E
14,10.0,6.1,21,6,2016,E
11,365.31,6.3,21,6,2016,E
13,15.5,6.4,26,6,2016,E
